{
    "fixed_columns": {
        "cid": ["int", true, 100, {"72994": 50, "82994": 20, "92994": 10, "-1": 20}, ""],
        "uid": ["int", true, 100, "1-1000", ""],
        "mid": ["int", true, 100, "1-100", ""],
        "adat": ["datetime", true, 100, "sequence", ""],
        "ad": ["date", true, 100, "sequence", ""],
        "at": ["time", true, 100, "sequence", ""],
        "mk": ["str", false, 90, ["oneplus", "true", "hmd global oy", "modio", "panasonic", "itel mobile limited", "nintendo", "motorola", "tinno", "coosea", "xiaomi"], ""],
        "mo": ["str", false, 90, ["sm-a500g", "l-52a", "hwv32", "so-03g", "sc-56b", "v2120", "infinix x6811", "pact00", "iris80", "asus_i004d"], ""],
        "aid": ["int", true, 100, "1-2000", ""],
        "b": ["int", false, 90, "0-14", ""],
        "o": ["int", false, 90, "0-9", ""],
        "d": ["int", false, 90, "0-3", ""],
        "trid": ["str", true, 100, "random", "35"],
        "guid": ["str", true, 100, "random", "36"],
        "utype": ["int", true, 100, [1], ""],
        "purl": ["str", false, 30, ["https://www.photobooknewzealand.com/greetingcards/golden-dream?productId=golden-dream", "https://www.generasimaju.co.id/klub-generasi-maju/changepassword/NjI4OTUwMjYyODkzMyNIckljamxDZERt", "https://www.generasimaju.co.id/klub-generasi-maju/register?utm_source=facebook&utm_medium=cpl&utm_campaign=sgm-crmgum-01-2024-aon-meta-conversion-auctioncpl-prospecting&utm_term=prosplal-bop&utm_content=paid_cpl_prosplal-bop_resep-tips-mpasi_0724&campaign=dgmmpasi", "https://www.life.id/kyc/", "https://www.life.id/kyc/", "https://www.life.id/kyc/", "https://www.life.id/home/products/", "https://www.life.id/home/products/", "https://www.generasimaju.co.id/klub-generasi-maju/register?referral=https://www.generasimaju.co.id/klub-generasi-maju/register", "https://www.photobookindonesia.com/desk-calendars/all-styles/papier"], ""],
        "ctime": ["datetime", true, 100, "sequence", ""],
        "av": ["str", false, 80, ["6.14.1", "UAT:2.1.34", "UAT:2.0.96", "UAT:2.0.142", "5.7.0", "66.6", "7.28.3", "1.0.38", "UAT:2.0.34", "11.4.1 (0.2409050027)_38335 Vision+"], ""],
        "sv": ["str", false, 80, ["3.2.15", "3.2.33", "3.5.3", "3.4.1", "3.2.30", "3.2.12", "3.5.0", "3.3.2-beta", "3.3.2", "3.2.13"], ""],
        "ov": ["str", false, 80, ["16.7", "15.0.2", "14.1", "12.4.1", "15.8.2", "17.6", "6.0", "9", "XGTMROM", "Android12.0OS", "unknown"], ""],
        "pp6_string": ["str", false, 30, [
            "Andhra Pradesh", "Arunachal Pradesh", "Assam", "Bihar", "Chhattisgarh", 
            "Goa", "Gujarat", "Haryana", "Himachal Pradesh", "Jharkhand", "Karnataka", 
            "Kerala", "Madhya Pradesh", "Maharashtra", "Manipur", "Meghalaya", "Mizoram", 
            "Nagaland", "Odisha", "Punjab", "Rajasthan", "Sikkim", "Tamil Nadu", 
            "Telangana", "Tripura", "Uttar Pradesh", "Uttarakhand", "West Bengal",
            "Andaman and Nicobar Islands", "Chandigarh", "Dadra and Nagar Haveli and Daman and Diu", 
            "Lakshadweep", "Delhi", "Puducherry", "Ladakh", "Jammu and Kashmir"
        ], ""]
    },
    "uid_start_value": 1,
    "number_of_files": 1,
    "default_percent_of_not_null_columns": 30,
    "default_enum": "random",
    "default_length_range": "",
    "default_random_int_range": "1-100000",
    "default_random_string_length_range": "10-20",
    "number_of_records": 100,
    "startdate": "230901000000",
    "enddate": "",
    "zipped_output": false,
    "export_object_filepath": "../dumps and create statements/s_7.engagementDetails_66.sql",
    "output_file_path": "../generated/generated_random_values",
    "fixed_columns_format": {
        "column_name": ["data_type", "is_not_null", "percent_of_not_null_columns", "enum", "length_range"]
    }
}