{
    "fixed_columns": {
        "cid": ["int", true, 100, {"72994": 50, "82994": 20, "92994": 10, "-1": 20}, ""],
        "uid": ["int", true, 100, "1-1000", ""],
        "utype": ["int", true, 100, [1], ""],
        "mid": ["int", true, 100, "1-100", ""],
        "aid": ["int", true, 100, "1-2000", ""],
        "at": ["time", true, 100, "sequence", ""],
        "ad": ["date", true, 100, "sequence", ""],
        "adat": ["datetime", true, 100, "sequence", ""],
        "guid": ["str", true, 100, "random", "36"],
        "trid": ["str", true, 100, "random", "35"]
    },
    "uid_start_value": 1,
    "number_of_files": 1,
    "default_percent_of_not_null_columns":10,
    "default_enum": "random",
    "default_length_range": "",
    "default_random_int_range": "1-100000",
    "default_random_string_length_range": "1-20",
    "number_of_records": 1000,
    "startdate": "230901000000",
    "enddate": "",
    "zipped_output": false,
    "export_object_filepath": "../generate/s_7_userDetails_p_pssent.generate",
    "output_file_path": "../generated/generated_random_values",
    "fixed_columns_format": {
        "column_name": ["data_type", "is_not_null", "percent_of_not_null_columns", "enum", "length_range"]
    }
}


