cid,utype,uid,snid,srcid,b,o,d,url,title,tx,autoid,pts,mid,ad,adat,et,lat,lng,npv,sts,purl,channelid,guid,ctime,av,sv,ov,nm,retry,so,pp6_string,pp9_string,pp5_int,pp7_string,pp8_string,pp3_string,pp1_int,pp4_string,pp2_string,pp11_string,pp12_string,pp10_string,pp13_string,pp1_string,pp8_int,pp14_string,pp18_string,pp31_string,pp28_string,pp15_string,pp41_string,pp25_string,pp26_string,pp27_string,pp38_string,pp22_string,pp17_string,pp21_string,pp34_string,pp19_string,pp40_string,pp24_string,pp30_string,pp33_string,pp35_string,pp36_string,pp37_string,pp29_string,pp32_string,pp39_string,pp42_string,pp20_string,pp23_string,pp16_string,pp45_string,pp43_string,pp44_string,pp49_string,pp46_string,pp47_string,pp48_string,pp51_string,pp50_string,pp55_string,pp58_string,pp54_string,pp53_string,pp52_string,pp59_string,pp57_string,pp61_string,pp62_string,pp56_string,pp65_string,pp67_string,pp66_string,pp64_string,pp70_string,pp60_string,pp63_string,pp69_string,pp77_string,pp81_string,pp71_string,pp73_string,pp82_string,pp72_string,pp74_string,pp86_string,pp83_string,pp75_string,pp68_string,pp85_string,pp76_string,pp78_string,pp79_string,pp88_string,pp87_string,pp80_string,pp84_string,pp89_string,pp93_date,pp90_string,pp91_string,pp92_string,pp94_string,pp95_string,pp102_string,pp103_string,pp96_string,pp104_string,pp100_string,pp97_string,pp105_string,pp98_string,pp106_string,pp108_string,pp101_string,pp107_string,pp99_date,pp111_string,pp110_string,pp109_string,pp112_string,pp16_int,mk,mo,c_date,c_time,pp4_int,pp5_string
35717,1,234,,,11,4,0,GuOqX,51,14888,27686,,7,230901,230901000000,,,,,,,,faIWH6S8fPbzHpD6K9bxHQoUr2KF2RL1Y6Ys,2023-09-01 00:00:00,UAT:2.0.34,,14.1,,,,,06KvfGaxVT,,OeBNTu9VwXeLJ08d5ww,,,,,GhnBdJZj0u94GE8,,,,,,,,,,,,,,,,,,,Np3FjeUoysk,,XW,G55c9a,,,amBXuXnl4lc79v,,,KcN181v1cBo35Jdg7CU6,,XJ2rVfLhLIvD0g8e,,,,n6,RabvB8lmG1it10,Zsm3NftOM7CQPRnEiLDp,eySk9JpgP6FdC2j34Cp,ETb,Kc7ux,49WmXU24dsLp,,JK,,,,,,,kx9ZP27oCmnfCPU,,0CAggLnviA2Roe,,,,,yVB0I,,yEpMKkGi8,j,,,,cIOLLul,,,,,on,,,,cg,,,,XSuX0l,,Cq73hr4j0mY,,12TB,n5n5dh4sN9LJXxvw3i,,,,GqqYimYNGT3JK6,S7s12,AWYhX280i1KZ5o4LJs9,,,,,,Epmwc,,nPyYke03bGS,,,llifqZjFo2jOK,,,,,s3QOYgi15Qf90hTWzTF,,,,nintendo,iris80,2023-09-01,2023-09-01 00:00:00,,
82994,1,492,,,5,2,1,,,,1002,,52,230904,230904204456,xk4bqKw2JYLqHe5TVfW,,23.923208047890277,,,,99358,iCDlAhKWJQ5sOCDksyfuaW9Op2Y2oOyt8FpI,2023-09-04 20:44:56,UAT:2.0.34,3.2.30,,,,,Odisha,r5tAX1Vfy8J65pxHT3,,,,56HzccFfuQ9c,,,,xhKIlSx9ohQu,uzYzhImABPJb8j8,,,,,,,XRYxn5D5QJNdphRhyw,,,mAO633gK0ly5,,,Q,,,RfZg7z3VMahbHk,,,,,,,,,,,,,,,,,zVR7,,WDD8HPe9dfrHE3M,e,,xwRt4ma3hBj5XEgQsb,i7V9GmjlvCxkQdjv,,,FMdzvxTMKEp79t9QQ5Xe,vYXMJnnHrzfh5YWMXf0,,T9p38n7S6lvE,,,,GdsAFdq4CwA,,,,,,,,,,4gY7nlED8AaTzk1,,,8FezT3pGhgAn0OejMq,FlJui,p7C80mOLwnnqch,,,,,uomQs,OQGjAXlLuoG,,,7a93wfm0ZDGF1zx,tToK,,wl7kNmub796irZHOG6cG,,,Xsp9GoXbwSzfcbdk7K,AylZALYWJM1lCu01YCXc,,WPR6,,,,,,,,DPBJ9rUKwOURy3,,9wlSyeA3k3,,,X2woJ7JUdeNdyrs9ulO,,LsT,pkdd5,,,,,UvCapoW,,tinno,pact00,2023-09-04,2023-09-04 20:44:56,,
72994,1,973,37088,,0,7,0,kAAjZSMy,lA9G9EtBmBAJOm,3542,71027,14803,54,230908,230908172952,,,,,,,,TfmPn7nf2uKmSNzAnsGCBpyNznyoyR4VHPYX,2023-09-08 17:29:52,UAT:2.0.142,3.2.30,14.1,,,,,,,,glneCmTSWaA,s8sJFcUs,,Owq8Alibo,LUfJlPLRMW05DyFfWe,,,ibUlFVyUNR6Ki,,,,myxCNE,hRLGf7WdoF5Fddrbd,ueL0pWHQ4YnNfwLv52,,,,7MNfeEqGHreQoCnwKtL,,,,,CebDUso3f,,,,,,,,,,,bCKEVDX83Qxl,,,,,,,,,,,,,rDUbVxxoKKoQj6xEtbjN,uVzu,syV3eXoc6WToRl,,,,,,C0ERQTeEL1oItqS4V2i9,uWfnHcCv4HVaKH4Xb,0MRftXQ1y,,U,,,,,,uZs8SgPCUK8mwxriZZIj,,,,,,,,,,nMAiW5OYD4Jz1BXosM,,4bK,ot8B,1hR27t1bjndheR,,bG2iibcoQ5uYVAJrXs,,,,,ESYAG1,,,,,2Yz3KrtPkzMsyoC1,,,e5hC,o1d8u2u,J8Mut2v2U2,,,,,x7JL3inT8nXGe,DANGxIdjpSV,,,98Yr3xj,240917140848,,NsoT9DLX2Cy0pHyjjq,,YdtIHhIdNgacU5HCsTa,,motorola,,2023-09-08,2023-09-08 17:29:52,,
72994,1,887,,7500,3,5,2,,,45375,,,71,230912,230912141448,,,,,,,,1UfoMKP6w7fBLnkV8mKzbEtvGRRWzSVXB2DR,2023-09-12 14:14:48,6.14.1,3.2.12,17.6,k,,,Tripura,,,,mG5gec84s8nRcXhzH,,59568,,xZS1Mgbc,,ZA7i,,,,,,,,,,,,QVPIi6JI2OsVF3N,MA2HyaVIqTd4,X84hghXdrbJCWKtwvT,,,,,,,,,8OF9Xfgl87F,,vkziYa,,,,,,,,,,kujvGsScQPQ5,,,,,b3TZ,,h4Gz8VR3bKcgS9teLrx,tt5CHYxja,,mbQ30ImW3mpO,XRAeuSnwxuD0r,,ivZAqEwkDNF,,,,sICAotRh,,UGBsMRkRpT53F,,,IebPOp9L9JIgF,,wH6PWo8Div5,Xk1ovvJXlDeQKsek,,,rL03VGnEQRR,,,,Y8BtYKI,,,Dg0DNuueC,,jRYG1E5R9qBOF39n,,,,,,,,,,,qHEjH324TlJ1y35,,,,,sdFwG0z0d,,,,,eZV4BeQWDrswjXU6,,,MzSNdXueZS7Xr,,cZV8mJUy3FCfFuP1LK,240917140848,gAjL8SxZ36oTcQ2K0y,,dt8gLmtNB,Tt3ntxzjgNh,,xiaomi,pact00,2023-09-12,2023-09-12 14:14:48,48848,
72994,1,830,82316,79477,7,2,0,,zQdUIXOgjvNhkNm,,10398,,51,230916,230916105944,,,71.11369541738046,,,,,qRfWUeLlRyNqDoJYqQdj2nKs1XlhIi0XJ1Go,2023-09-16 10:59:44,6.14.1,3.2.30,XGTMROM,E,,,,,,,u6dG8JGgcxvJSVF4Al,,,,CD6o,,,,,jGb8VC0Q,,,,VHtjV5v7UrDWv,,6QrEJuo5oZvrLKSc,,,,,,,A1CyrQpnQ1uuHvd,ZKSw,S4,,pQuZVInRtP,,kKsfme4jpnJbcIuO8,,,,,,,,,,,BISHaxpvuoeP6,,LhoShg8DfSR,5C2B,,xG7Pza7NZpyGk,,,,ofUx3ZT4YnfqJPFg,,wMiNhed0w,WC2asAe,,,,,,5qkBHq2JSPhrsTlQ4i,,,,,,,AX2WIFQkl,c9VwCgeCDd6abFYZoFL1,,,LHV6bssE,,,rEvgeETElFbEPo,fuEvkbBiSHNRHlJw,QRO5y4K2A,,,XsjN20kL,qkO8mIl82aQl,,4yGx9XJaKBHN0PR,notpaaxNQNuz5Li,ZI9pRKsxYSa,,,,,,,eXoXStW,,,,,,,,,,JKJb,,,,,,,,DLwFWR7FAQKYZa,XcI9HjIdamycL6j6u5,,,,hmd global oy,hwv32,2023-09-16,2023-09-16 10:59:44,45638,D31t
82994,1,860,12688,,7,2,1,,,,,70036,91,230920,230920074441,klWGo3GKRCh3Cg4kXGp4,,,26955,,,,A2fRDXRW4tOJe4EEAPvn5O8zZoNVQiZJlqiD,2023-09-20 07:44:41,66.6,3.2.15,unknown,,,,,,,,,,,,Rjaj4,,,,,,87450,9vq7fERLmujKIOB826,,0raOUMTiCW1tZ,xRkkRALDb,,,,CZXKAh9XSPJaqxC,,9w5im6fuMQubfC,kP0AXCDK9Vgr,,,,jOBmHigh8Xkt,,1zZvqfEiP,,SX5yJypGgvxUBAeAi,8UyNMDNvQI67,,,,MeSfd,,kUAsutANO3,,,,,,,,,,,,,,,qO9q5t7I1P,,jQrlm7FZ,jYmqwCB7Vq,jQSshLCfoDBGu,,,,Psgkpyoc,MSzeQVr74MQJYAh,,,,,,,,iE7dvDPvX,,,,4wpnf00jDNfd3shFwpX,,,6tSUYOq,pDl,,,,,,dK3BIneZ,,,,,,8ADn,x,,4eKOf28crURS,,,,,,,kino,sn,,,,,,240917140848,s50tQycuE8o,,,,44809,,hwv32,2023-09-20,2023-09-20 07:44:41,,
72994,1,958,53067,,,4,0,bHqF5lc7,Ij7R1mI1W2,4457,,,43,230924,230924042937,,,,70430,56620,,14494,A3Ua71hwgsLsCpFlMRD623DNfQUFQG7YyLun,2023-09-24 04:29:37,6.14.1,3.2.12,,,,r7RgWMNlUWqofutWh09,,,,,,,29953,,,vWM,,,A,,,gLbb,AGiU4dujiz,L4slimycThoYNOf9g,iSwq,XoCBgwnDYJxOC,,,2VtPoB1OM5RbFLvQO,,,hlc56o,VCz,,fy6hCbvEJaKYFUX,VbEG,,KTUeiZaCPU74Ig,,MBd1up,,5Ydq1fcqsu4Lyaxt,,,,,,,G1qKklW9VNMFjZsRoRg,,,,,,,,,,,,,CtlSdNkLW,,,,,,,gHQuRZbaAAfWMu,,,,,OswH4,,,,,TQujH879cmj3IRbH,,DkQf1vMQWsTCMgN,,zjx2jym7ormwGTrYB5S1,,,orNoGmpSUwPgBm5,JA3LV7JS8gAWi,lQ5GJY3,,,y1P8pDpkmX89IqfdFm,sjhQ9vT,,,,,,,,,,8P6d9ETAHV4wqf,,,,l6ZST,,,GCbxjNNcfGrib8RYTY,,jOpZXMvcyKGMTLOi5,ItdkhWCunW0R96uF,nktR3,,Aw6dM7FdGDIfImFr,,,,bSrTFSS1WhZiMF,,51922,modio,iris80,2023-09-24,2023-09-24 04:29:37,,
72994,1,332,,,13,5,0,,,,,,18,230928,230928011433,ptdBlcf0zQ4nQpN61,,37.085578176417364,,89630,,,gS0aaOmyQyDHhgOd7A2SGGFLfW1ZYiWj1pGA,2023-09-28 01:14:33,UAT:2.0.96,3.3.2-beta,Android12.0OS,,12660,kZTRoX,Haryana,,,QmOa1XLdBzkL6,,wrAUbVppRuiRv1JsFpo,,,qDd4X12ghTBGIEvwST9Y,,,,,,,,,,,,,vGcIPRBL,IF7oe5zmRjWzLJsq,,,,,,,,HTFF2cOzrWG,,,,,,,,,,,dDBtcOpSfa,,,,,,,,,,,D5vf4Cn8rJm1jWXwP6,mNR,iMmFxx,,zrGzndpbJJndTr,,dMXn1nROHo,,bl7cdRP6SC8IIj1,EKzNUt9l,,,,lNT86KPP,Ip0GiIeuZ18,,,GOZRAvhtKKgVVuut,,,EVPmxgE,tG0xwH9iCbYGgiJA,,,ytJkpQAPiZ6dtHqo6f,,,1nEAnzfyQ,,,,,,,,,,,,,,,,,,,P4hAN,,FsANDxFVcYjkDGn4ht,,,,e3,9NS7ecsPzbc,,Eor,,,0E87vuDKSdnSm,,,,57413,hmd global oy,so-03g,2023-09-28,2023-09-28 01:14:33,,7P
82994,1,641,,37441,7,2,0,H4vxr3fmAWs224u27lDr,,41122,6717,,32,231001,231001215929,,4.46153055266858,23.62936571416703,,83116,,,YRnji6pWO92Prt0zGAI4TV7Fh3hwHuXAx9TK,2023-10-01 21:59:29,7.28.3,3.5.3,6.0,,,,,,,lZHWm,mZ2VB21,,,,v,,,dvcMb4M8Ee,,,,JxAgRfyo1hMKmrT3Ti4,u2nWDYF,,0r,mpBtao24SWXhLp2V,,asCr3IR6,,,,,DeSimRuWl,n4vsokJDatrInvC,,,,,KVCejCJWB638Xf,,,ixzezS7KBoGnswxAuU3g,,,IHrL3qK,,,,,kIkBCAHlCD2GRT,2xMTYO6UXf,,cgHSYJcnlSy1BoBPT,,,,,,,,,,iEtyGN,,,,,,kDmNunltvf,hdhAQNn204yxCc5V1,,,,,JtTZQf,wcLuuDuS1t3eXxA4,,2PYDhJ1ytWi2oKHk2Qy,,,,ghQ,,,,,,,,,LR6BVF0riUDr,,,,,,JF0GDo4L,,,,,,,,doM,,,,,,,Tm3kZfjf,,,6pVVvIz3eh3eBl9cspun,240917140848,,,1eFZUbWEEXq,,71856,coosea,l-52a,2023-10-01,2023-10-01 21:59:29,,HRCPoRHgqU3dNUfr0i
72994,1,909,,,11,7,2,,5mQxReJrKhsx159,,,12176,16,231005,231005184426,LbF,24.79083825462567,58.88795382781618,,20506,,,5iyVnzxjoOn5wCGr0zW1OEHzvoc4zBwdyDmE,2023-10-05 18:44:26,,3.5.0,14.1,2,38783,,,,,,,,25319,,,R1RVDWcImhaSD4vGLM,,,,E0D0Rz0VxIO,,,,,lcZl6t,,,,,,,ZugzkAdn8JI,YULluts6,,,yISOcQ,,,FWxrQAmG03dCtp,qyzkY4naBf7R9e,,,,,,,,,,,bi8Gu8eUhwWnFvA0,b0GCsPpy2,,,,,,,,,Ljg2IfMeUsQquhm,xvE,,,,,,,vjI8,,SVhAMabSLhCL,luYtXJ8AQWvQg2L2,,GPvw2pB8pS0TxjB1eI,hVCRl7,,,,,Gvi,,,,E7I4Od4ZUe6iCMp,,brvR3,nhdCksxBtGyzzn1i5O8K,,,,,,,,mHGHRW,,,,,,,,YjVxRGHBIi4TVgRbZeE,,,,,,,,,,tmqkA,,,,,ZN7YDq4y3m,,qhlURBmUf,68995,,pact00,2023-10-05,2023-10-05 18:44:26,43014,yQ
72994,1,342,,,5,7,0,,,,32582,66432,97,231009,231009152922,,58.5413460224614,,41456,,https://www.generasimaju.co.id/klub-generasi-maju/changepassword/NjI4OTUwMjYyODkzMyNIckljamxDZERt,69949,r1jvu9XxjXbFLoOTGcA7EmE4DK6MtSnaE1lH,2023-10-09 15:29:22,6.14.1,,Android12.0OS,,,,,6XEqolAv76Hz,63536,,4VA,,,,0g9ygF,,,nWuCOQX7A7JF,,,1877,,,,vk2ZsBPJs9i5GvY,,sgeG,,,,,,,,,bsKsWTzweaDLdZZ2Nryr,,XyeveQ,,j59lwN,,,NOvcdGEH,,,,CZWb7osFm,,IVV3YWDbyHyXxESd,j,sv8V9FPuDg4,,voM7JMDR3TsFEb5e,KxVrNEg,xjCMJaahOhBFkT1i90,,,,,,psHuKPNSFGsLZa97z4tw,,,,,,,3V,t,,,,pUnm,,,,aidM,,,VYtQZ3j,kWoY45R,,,,g22AVSoAOdtrcUQ,,,,hcqWSGCDbD9dkSU5nlOi,sG,mad1ZTQGoOgpfeCS,,,TnkYIsI8Owwoe,,,,240917140848,,d2Q7hmDDE1QxB,LIHphhsSvPEcYBeBD,,,,,,LTwR7J7Ue,,,,,,,tB0aq4Dks8,jyneniL001PUqDJPIFK,,oXQOTg,,,,,true,pact00,2023-10-09,2023-10-09 15:29:22,,
82994,1,301,,,7,7,2,,,,,,8,231013,231013121418,,,,,,,,gP9dH3r0yTIPExfQbjdZaPvjzaIKPu41Iqy5,2023-10-13 12:14:18,UAT:2.0.96,3.2.30,Android12.0OS,,14618,,Ladakh,,,,c,O,,,beTH3Ki2rw4agScxoAi,,,,,,,,u40Fwx,,,,,s0Bt2Crv7rblvPAnBee,,,vWHzMZ,,,,,F,,,,,,YXpY0Fom2kM,qBCUpu4TT7,,TDPobe1HoERJl,zy3Fh3kDz,,,,,,vUsCoNFIgd2LI2Sv,,,,,,,g0aL5e27,KyBqaiyYTBmAwpv0jl,,zawWgXMYKfSUP,,A5Hs,,TPI,,,,EkkZIz0CISY1,,,,,,,nPqkeDL5WTICiVyBu,,pid,aaZn0edDlppskHN,,gaKQYCsFU,,,Cf9,zXUyAJbvIeIYPmUOaA,Iy5tcCBtXS,,,,,,,,,,,,,,,,,,ozuP,,,tvYo9WX,,,,dpqD4ZWW3M51x3,,Kits1,,,LwL,,xgLT,,,,sc-56b,2023-10-13,2023-10-13 12:14:18,89347,
72994,1,90,42202,56428,8,0,0,,WFM,,,67790,37,231017,231017085914,,,,40010,,https://www.generasimaju.co.id/klub-generasi-maju/changepassword/NjI4OTUwMjYyODkzMyNIckljamxDZERt,,bNrbk75b8TBsgdFMSikHzUkz1A5BAfF7WqSv,2023-10-17 08:59:14,UAT:2.1.34,3.2.33,,,,,,,,,,,68925,,,,,,,,,pLbnztm2XgGZN6wId,,,cXctVfY,,,,ec8934TttjIzA,,,,,,,,,,,,,,,,,,,,,,QeTwN0Am57YOA9a,,,,,,,,,,hYAP,,,,,,,zr,,,mQnLbseHpm,,,,,,wvsbj,,,,BhuctbmU1ITwSvBjQgpq,PJsPzBfPC,,,hj,216,,CrmGbjR9,fKxkVyGdCtD5O18rY,,,,,,,4f1jgoBmLXnGQUR1Vi,,240917140848,nidRLlBhlBvO,,,,6zKRG1NH2TL,,6xEkcF5X,VGzIre1CCb,,,deyMj84KUXNFIi,ufFE5mIPl,,,znZ5Hb6V,,,,SzUudo5CY2WSuh,,EmDYv6xvDPlH4Mbj0yn,Z1tsgzSm,,hmd global oy,asus_i004d,2023-10-17,2023-10-17 08:59:14,88041,
92994,1,287,55524,,3,8,0,,WTBypmkjH79Q,,12474,,89,231021,231021054411,amwQ8uWVWB7mV0Ee,,15.706142423776592,,72699,https://www.generasimaju.co.id/klub-generasi-maju/changepassword/NjI4OTUwMjYyODkzMyNIckljamxDZERt,65002,QrAjDS8Gl2ebNm9SiNCsGpyuexcOg4t0iB0X,2023-10-21 05:44:11,66.6,,,,7534,,,,,AgeWNDux,,R8l368jpU6qypE5KMf,,YgZuV7fc,,atlf2,,,EQSBRXYW,,50602,TAcvyKEkif,,,,ST5qyi1,eb6yUILgBgih,,Y3Q3dXSfod5TzU,,,,Yv8YpnKylcV5vAohWsh,,,jMt,,,,,FRYkkzk30TSZLY,,RmHrsi,,,,,,,,,m6K1Hu0mkZP,,,,,,nqWfm,Uc46,,cS,F,iZN7oG9m6p0n4o1bp6,,,,,,,,LGqlDwPMpUHr6nmQ8Xj,,,,,,,,cCa64OspqQwnE,eIxG,,,RLWjQa,,,,,,,,R3B43jAgQe6slrC,,,ebOOY0re0e2TgrwRR,A9d9aAKsaEgN1uQnnM,Zo06N6KIzuBh0h5f,,,BI5fyv,ZyixsUn,,3zmTYmvlXn6evdriyzH,,,,,,,,fD0O04Mu2yhA0r5XJUq6,UQmvZf,,,,2,240917140848,,,,,54383,oneplus,sc-56b,2023-10-21,2023-10-21 05:44:11,,uKAYdXu4QpKba
91319,1,944,,65202,6,7,0,,,,,91252,16,231025,231025022907,jHd,,,,,https://www.life.id/kyc/,,Iu2TlVB5EO8iaoXWEAV8UfgtfFCNg19tI4LT,2023-10-25 02:29:07,11.4.1 (0.2409050027)_38335 Vision+,3.4.1,15.0.2,,,nQFHeeTDDgCOU,,,,4QaTkjnyXWd,,,,,,,,WpyNQZRINbMPxyt8u,,,,,,,,,,SVwrPPHXx,,,,SHULUSBE8KPe8wO,RLHd,,,LRDTNJYYM5OG8Sef,,SmCfTBVVqWPBt,,,,5zlWKXM2wOX,,,,,,,,,,,,,WiuLXXQgik3,,,,,ncoQdp7dTNXbAeeMQ,,,,,KbCv3vFiyvV,L7XIW8,DQWXknkQNGfA8l4AZ,,GgB4vGkNmxUieYqnzzKe,C,2p7njsSF,LvEdo7J3gDSUG1BS,,x4DwwZs49a5sePmok,,W,6HR,na1C1MizAjn2JJKKUYJ,,,,,,,,F1k7LC9BW7qUYmXebF,,,,,x2HvTL,,,,,,,,IuLgcuG1sp,,f7lb8TmHVDSf,,,,widX8etK,,,,,,oR6cSdZaKEvrzL,,Npz3Nl,,vLeeqEsPQ8,,BMW,K4iZDSe,,,,,so-03g,2023-10-25,2023-10-25 02:29:07,60361,
92994,1,470,,,,6,1,Gr,,,98905,,10,231028,231028231403,,,58.658354395580005,,,,,9NvUGlHfSjNlQkJzQ3fYu4lHEb8AkzhK9tmK,2023-10-28 23:14:03,7.28.3,3.5.3,,Ok6FlD0Hz1m,,nTDIf,,,,,1,,,,,,,,,,,q,,,,ArYj,gwmWjhrJVJvxA2Iov,,QgE6Lsu3,,uUcsoWh7s56o50m6,WMtg5bEIACAO9nM9XX,,,,HUCYHDO0,,,NHdmzOh,,,dfAlyIAVogW2KqJJH,,,,,,O9NAAx9ODdzVINLhvQTO,,,NxqtELcb0qjZkhE,,kZffq,ZAxKPpa9oSYvu7xxF,,,,,,xBZzFz6ak2jySMZ,,,,,,,,1Igvsxu9wZIFM1tkYzV,,lXr8sI,VRRD,RJDU2ps,QnxSzzllB2W2Yno,,q9VEitO26xiGAcd,,,,VamAs0A1O7DhFEH,,,,,,,,5ZkTPe76,,4cAq9bFeVobynDzw3,,,,,jGjuv,yxLeUZPRLZuKw,DVp9n9Ne8PEI03O,,240917140848,,,,,,,,CHGBeuBdifb,,,,,C07ycpgpBPEpQWS,xE1Z3df5osGdWc3gG2uI,,MmgbnO,f2vcdouW1UKl9,,,,D4nf,,,nintendo,sc-56b,2023-10-28,2023-10-28 23:14:03,45343,D
83088,1,752,,,10,1,0,NOxiP3BIO2Dwpp,,,,,23,231101,231101195859,OVpHuv7vtAgrbaPgVA,54.38842306453439,,,,,,sa5oGTpPywkn88ThUvZWBERsQqobUDrSo5Yu,2023-11-01 19:58:59,66.6,3.4.1,14.1,,,,,,,m9LwFtZXYOyCJCHCZUK,,,,9nDBVn0,,,PD,,,,92820,,,Ync4VWuCM4ml1hGGdR,,,,,,,,vZxx0cmjtjdrcvI4u,,,,rqNodccnu,,Nn3B2qOiijMhw,J1aYLgIX,Vt,,,,,,,,,bYhcj50pQhLbbf,xU1,,mab3Y,,muMETszPBp,,eB8zFoUE8tAnZ,,,fG1ZEaawsQkqzUr,,,1,,,jI9MND,,ZIezyzhFtDxCd2NVrn,Olu3JoIs4tgqj8Yn3xC,tqZ,,,,,fwFjBt,,,,,lRe1FBJg7aiRa8k,,MgpdWoxwUtdsJxhOF0T,,,,,,,8B5xFUJ8N9iO83SS5h,FyoF8dXoir2i,,T4p3EONG9MWFsit4Uv3w,vvTYtroR3laqZHeOE,G3CzL,,c5XIbr,,,,,,fYsfxMm6hV,8jvgSQ8q,,7vmNwVGXPpnIOHxh,,,,,,,,,wGD3gmZl,gXRT,,,,,,,,hmd global oy,iris80,2023-11-01,2023-11-01 19:58:59,44261,
82994,1,936,6188,34634,6,3,0,,,,,,92,231105,231105164356,,,6.056214973435159,60239,,https://www.generasimaju.co.id/klub-generasi-maju/register?referral=https://www.generasimaju.co.id/klub-generasi-maju/register,33623,zIeqf7ACQLNNWmwImK0ZSRXrZZFs5nKxOHnk,2023-11-05 16:43:56,1.0.38,3.5.3,unknown,eINpyW1yKvx,,hKtkFaiDuelWGWFVvqV,,xgwW79F,49618,,,,,,,,,,,,,,tj1y9PTHnD6,,,lsQNlnn,T5yPoI,,1Ho0X7AGqHE,ZVoeHy6AoJW3,FkEUpv4GYQPy,,,,,,,,bzIaMK,,HzIpHYNFSyEU,,,,EjolgqBoGLFti,,U6CgfWcczycAfLh,4niQwDmJc9,,,Eu66,,,,HG4SMoj2tBuLjXrnoRe,,TMnkA,,,n9toxlHdlgJXD68YcEm,,,,,sSQb6YaYz4wNRj,,,N4V,,Oi00cIRspbQJPzKJS,,50kN5tvcVLs3A,DAOGa8b,Nj9NJ4eGn8135ccFU08E,cRVzXsIAPiNfOd2WjWUy,,WJeTW4sa,,,,,,ASXY2s1IB,,,,SgDM,,,,Dv2uZpqezJ3Gq,,,,DogF,,,,c7oSlW,,,,OnY,oRmlBbwJ8w,Y4XAS7pR35aj9oLb6,bZx936lO3y4RV,,,,,,,,QNA9LCUs5XWQRX,QmnPVZ1twc,240917140848,,,,,,panasonic,pact00,2023-11-05,2023-11-05 16:43:56,,4bdKoP2EK2w3P
72994,1,609,,,4,2,1,,aOX7C,20698,1739,16,21,231109,231109132852,uGLwxHYONgLMbXewLS,,,,,https://www.generasimaju.co.id/klub-generasi-maju/register?referral=https://www.generasimaju.co.id/klub-generasi-maju/register,18132,QzT4TFLy3iLZu743MNtZpNo2VKmpax0zcURk,2023-11-09 13:28:52,UAT:2.0.34,3.5.3,15.0.2,,,,Puducherry,,,,,,,,HANLniF,,Sa93h8mPqUKzNKU23T0l,ZXDabK,,2D6wC4Syp1TFjC9Sh7f,13748,,,,gF8x0sNk7EO5UMiq0W,,,,,,,Ge,x,,onUDo,nAJpjHGGmva,pgilNldD,qSEBG3,Qn8ElBlMVJuyXXJmrm,,uT9z1G,,rxQq3kIVgs19eG,,,,azQL,,,Kix0z9,,,AsGeOXVqPNso,,B,,X5,,,,,N9zqTOkP9cAL5Yq,1WI4oIMiXrTZpXlL,,,,1xQOT,,,,,jS0q,,,,,H7kk8El,kkXRIy,hkzcMz0u0z1,,e1K1UszMuwng,urvOUyvu,,,,,aKLKwuejidKleLahgo,,,znPDek1MVLP1impeWt,63rd7,KsHHRMrj,,,,Me2Monx56IKD,,,,,,,,rsUgMpN,,jHHZN4NT81EE,,,,,,XY,,,,240917140848,,,,6Uo,98187,motorola,so-03g,2023-11-09,2023-11-09 13:28:52,37235,
92994,1,882,23411,,9,2,0,CqDlOSJ2hoO,T0b7b96Ye,75982,,,11,231113,231113101348,,90.62698533687494,,,89081,https://www.photobookindonesia.com/desk-calendars/all-styles/papier,,jc438UYK4ynKyOLWegmryoxCaD5rHTbpwOhB,2023-11-13 10:13:48,66.6,3.2.33,14.1,,,,,,,x8iMqJ,AU,,,,,,,,BX8rpIta,iCDfrmLdDtwxbw9VW,45620,,40JLZqn,zQzvGd5mM,,,,,,,,,2gRD8t2XdlvtBpuYkCr,,s4MnRdhA1,,,,cNLXA7kLC7JR4hTkw4U8,,fl9HSHrHNry,,,,,,,j9Fj2BVcvNLj2xlXybEp,,,P3tPfqKK4bxtf3bFlwJ,gbvG1ancl3WvJrORrlc,VVjD,zt8FSv4hLdGT7YMWijN,,oZyMDlQ4SaVlCh7TOn6B,CSGIT5LEEiw7h,wzb8EbcvhD,,,vBMHtIyYQZlMVyq5,,,PZsYm8sehNbgjN5,HvSEsdZyWne,,,kXYaNzRF0br0gKFB,,,,BLWG,c,,,,,,cfFvc3wNLci,D,,X,,,,,,h9Jj8MfJH54vO22tYO,QuSehvukw3jhJB,,,EMMMboZSm,,,,,,,,,,,,z,ahiG,,,,2R7CvvBk35ACfLuaB3XL,oQpPuybcGMHZLLk5W,yJMSwHnY,,,FiS6D6zhIUHsm,sxCogkdlZ,,,,rqaiz9Yg9XX,,56671,itel mobile limited,asus_i004d,2023-11-13,2023-11-13 10:13:48,,
21255,1,842,,,0,1,,8fiuZqbYT,,,30340,30821,23,231117,231117065844,,73.9073023374899,16.544980450948454,19516,,https://www.life.id/home/products/,,iGl5Z3RYHCtWeq2yFcAtzc0RLD4zsAzC9Gu8,2023-11-17 06:58:44,1.0.38,3.5.3,9,,,,,,,,,,86912,,,MPvfYrYgEbjdRm7jnhac,,,HJEOljR,,,KJWzj45PRvdmiaWI9,,,,,,,,,ypTU4n,CiqhiMSwDNCUrEc4ey,,,,,,,zLY18,,,,,7J3XVxqoe2Ob9gVs8HL,,,,,,,,,,,,,,,p,,,,,,pvNKYlsEBkNOnnIbU5l,sa7q0lQnnGhv,,,,,,,,,,,atgL5XRk7vNBO678TZda,UouN0L,,,,,,RM4iGEnWir9DBJKgZ,KP,,cNpN5UDi,,,,,1sYUZEbaKiBbF5h1F,,,oGIyHWHjA5BZb7w7e,2Xj3P77V3,,,xTDfhHy,t0mNEFdr8H1pQhsEu3l,,7VjxeF75q,,,,,yUqr3Fu1U0,3zmNL,,,,5AtWeatyM4lhvG,,,,,,,7wWR7vs4CZghDkG23l,0AUxBofc7IhqeLZEJ,,modio,infinix x6811,2023-11-17,2023-11-17 06:58:44,,vwEpbsZWB0VB
72994,1,565,,6176,4,1,2,,39YRcu1a41,,,64571,11,231121,231121034341,J039o0s3OxgEqJvM,92.54708130516424,,39208,,,27041,js36wQQhZh9qJ2cbZgIdifm1MfwNemwGrZ1Z,2023-11-21 03:43:41,UAT:2.0.96,3.3.2,,,,,,,,,,,,,,bz,,I,tEo6gx,,,,,,QSvVwHYRQGpAcumO,QYSesAn,,,,,,Z1ozfuH85RkBTFC3,,,,,iKtd6qD3N,qKuC6QrE,,,,a3Mb,PFP,,,,,,,,,,,,,,,,KH2vB,,,,7,dffCUuNX,,kGJC5YfM8tqEu3PxLV4,,,,,,,H19fsVw1aR,,,,,,,,,,KXYrAVSpkVpE,,,,,QtnXxea,slBsppm9fftRX,luNo4jBMtIYbw0q,WvUtUVhSa9O1jGhx,,,,,,,240917140848,DIRqVrWqd2BwJI,,,,,,,JpILGAhhU68d64vBQlPA,gnB7LNTs5Ag1P4v,,mjG5QAEf,5XMauxByUGkR,hUZeu4baNL,,,,,,jB5dqWkBjKQQ,p2mH4QJWRSgvkDaT966,,,24099,nintendo,sc-56b,2023-11-21,2023-11-21 03:43:41,62817,ViNmI8KIxGo8n65
72994,1,448,92319,66880,13,1,,,,,,,81,231125,231125002837,,,9.74220316879233,,,,,Icx1aycfpYc16t4R3pAiy6NGmuT6vSLVoq75,2023-11-25 00:28:37,,3.5.0,16.7,,,,Madhya Pradesh,,,N3xeAZCHu8CNEN1,HLNej4D1LxRd5bRqvGCL,,86008,,,,,,,mwcInndN61,60428,,,,,Rx074ttdju3,,,,,,4hC3qKPYOZkzhEEHxg,tN,,7HH98CFFEdG5,,,,,,,,xxipR0W6G,,a,,T3ZD7J4gBIli,,,CYgJ,,AsW3v6cFel1jYLdS,Lfh7VYlAUdpc,,,0AXLDOnuADQYljkL,,,,,,3BWQc1zl5ka3ap7eH,3nDDx5pvmRFTwuF4lF,,,91WQCPBS8aH,T,W1yqdYqx5SVkaK,,d2Fmqh7OJLs0yFee,,1aaJDt,b2jRvDfqjm8oZK0,N5htELFsq,oWE6o4nXj,,,dnuXkRQ,,,,,,NsOnvCkd,,lzw9fKTjBrGt,,,gm8DotcZ3ckYArodc,,,,pRC5EeVbExfflffq,,AJrBJ46OSRYN8f,ACxLd5j7tVtltQiSa,8zJEp8XOjUaB5sYXTD,,,,idHLve4P4ER6wM,3agKDzC,,fX18LAMHKWef,4glz0GGLR56942JMZPrN,MhcxWg2DuY744foZHk,,,J,,6GMP7vQMogBby2yq,1LOVc,,TD7eSVf,IEbLo,,,,CjZdOMNvUB9m6Y3d,SAHg6DkMPmXJgDeisI,,true,iris80,2023-11-25,2023-11-25 00:28:37,50001,
26001,1,884,,,7,1,2,,Y5bTcC9LcNt26f,79691,,,20,231128,231128211333,UO4YLAAW1,38.03897879871787,69.15206733330284,,59582,,,Uzg5zM2nXoLJgseZ5FOFsnNZh6mTuxh6St3H,2023-11-28 21:13:33,6.14.1,3.2.30,17.6,,,,Jharkhand,,,,,,,,,,LoA1xkC,IBgoJoXoRcAuS,Ifr6cfdHl22ckuipfOc,,,,61Z7HdQsFGatxYmogr,,,,,,1ArHE9,,,1QyUM,,,,,VQ5HAgpd,,,,2P8MJ6hgt,,519mOJPD,fA4uTkkV6yPsMYn5qcU2,,,ChN0dOlX,,,,xXT,,,LsDOqJ4JTymK,,iT4s8a9Bd3,O2xlJdfEOV,PzgNe2zCU5c22uw,,,3RFlT8ckui,c,H,,,,,fXGL21hp179rh5,pmXxdo,DbMIFDzQ7buWi7MzaG,,,,xnu9rBpqqsnc,pbkDBzRWxI,oa8fbD8v,qlzGg2Ab7EY,PWtAzgOL,3MUu0ELqXEXMXw,,,DuZrnLf7NftDkqIo,,,,,,AIGE,5cD,wnEB3,,,UIBFZgAMInLWyLATSU,,W,,,,,,,,,,,,,,CCcpjc3ll8Diu8bT,,,,U,F03n,DkDlkXa3p,240917140848,,,,ahiHq6VJkb,,xiaomi,infinix x6811,2023-11-28,2023-11-28 21:13:33,,
72994,1,836,27616,,4,5,1,,,,,,45,231202,231202175829,Aj3rMsxvzwcBMyIX,,,22322,,,31847,m8jF2UsmlcHWeEMRoXQzvZfTFFsqmfZJUrz3,2023-12-02 17:58:29,,3.5.3,16.7,,13269,,,,14553,,,fkVDbIOezQgj,52731,N9QscdV,,CLi0wxXdw5yC,,,YdmcOyftjnP,v,,,,,,,,,,,,,hFvQp,xhYI,,,,JVHS7QU1VhN3FL,,,,4x,,,,,,1ySYR,,,,,CpA8QjH,cd4KnGOnFvvBB,een8V,,,RQ3kA47,tsCV,,,,,,tRNgmi9Y3GgZflI8k,,T,rGy39LukCqxkpcfu5Gwc,,,,,mvG2c0duQwhkZHOb,,,5crfzWBy42UCgBrPKYh,,,,,CFZr8vmwasrKmFpc,,iR35auC,SMUVxuL712v,,mcycSge,,QHx4,,,,gqusLD73X0BWoolsRFo,,zskgfr5dD,,8yES6Nl2pU1GTF,,,,,,,HVq8FespvR,,,,,L13IeiCnJ148Hjw6X,,,S,,,,,,n,,YqY,,,oneplus,sm-a500g,2023-12-02,2023-12-02 17:58:29,,B06YZ
82994,1,791,,,8,3,1,sGYB400jYvnwm,,,,,4,231206,231206144326,,,48.17557355271106,,35616,,,QY40rtZtz2mK2FXQ7nyn4VAvmmOFFcrwEPQL,2023-12-06 14:43:26,,3.4.1,,,,,Haryana,ByPpUdQ4eS,,,,,,,,,,,,28x2OaMxdkxo1s2iODr2,82776,,,UrLrY2kXS,,,DLQWYhQiCJLK6,,,6kO28iV,,s1gf3ZA0F0,,vyZPEQbSMx4d0Q,v34cdrGWf,,,,,,,,,,,,Sl5okBcoHl,yHUD,,,D49JYVRBRwCIm,D7CXtcV3,,,,,,,E,,iBo7Aq,1aKushonJgDGySCY,,3gWurcT,,,,,ZMvC7HUU5xUKXdYkD,,,,,,8J3,,,,,KZUynBLiowzoG6N,e,,,,,fsAUq5sWV16kvQF4ID1,nQyrKWEuvX7RJL,,,mFp0DvJI,,,,,,LC5fakD86ILyVTIPo,,240917140848,,,,,,,,2cMkomRLVDk,rLmlmC51qtrPLL6M,,Qbcj5sOxMLbjlhHZH8,,VPSvN2L9Rk3U,,,GJjQowi9,vSFU1ZpAU2XDAbMoz,,VDlVeZJigX7,,,4vYCqZj,,,sm-a500g,2023-12-06,2023-12-06 14:43:26,2869,
72994,1,173,12292,,13,2,0,,cEWXeDblnEzEN,96183,,,52,231210,231210112822,,15.794258250131643,,,58877,,32437,hhpn5n1094hQ4ysd5FhKEx3eXQL78BY1cxXK,2023-12-10 11:28:22,66.6,3.5.3,unknown,,2934,,,,,,,,,,joK,gmi,sMQodvU5luvWM4,,,,,bLPHHD18,,pZfu,,,Ergl0lZZ8Tn3,,,,bdvisRhd7SwcZHEZ,,,Fzd0Q2tD,CYBb19,nE2,0kPHxaDApgVusP,,FVr8CP41Ayy,,,,fG8YTP1Z,,g0cm1ByJAUusOsClkvRm,lhwYK5XYuHv,pToQXFkx5YuP4,,,,,,,,,n9h,EeASuV3tyWqS,,,,nFr,,BT7aNB2,,,Ek6WhoFyw0csEt2l,cjxgG3DrlsiB6Vz6j,,,,,,,,ZETDli,,,,,bBdFmfCfSOECiQWPMNO,,CSg,,,,,rcMTgINT6tNBUK7am,9FLuCEKQw,,,,,,,,,,240917140848,,,,,,ymH0RGTnChArm0tQ,,,,,,,,oAYwrOoltGK,li4F1RKqBw,,,240917140848,,02ID82Qf1QC8qotwa1gE,,,,itel mobile limited,sc-56b,2023-12-10,2023-12-10 11:28:22,,8IhHytF8Lfx
19895,1,967,63450,91653,2,0,,jfJlOzZgLchzsaA,,,83649,16884,69,231214,231214081318,,,,,,https://www.generasimaju.co.id/klub-generasi-maju/register?utm_source=facebook&utm_medium=cpl&utm_campaign=sgm-crmgum-01-2024-aon-meta-conversion-auctioncpl-prospecting&utm_term=prosplal-bop&utm_content=paid_cpl_prosplal-bop_resep-tips-mpasi_0724&campaign=dgmmpasi,48477,9yffsV7oYWsGIHU6EOQaw8JkM4ne2akH3BIT,2023-12-14 08:13:18,,3.3.2,17.6,ex8jlR4E4YbsWavvAF,,,,,20459,tsWXQDoH,,,,,C6WJ,,,jwX0t,,,,,,,9sILH5ljqhlbS,,CPsuFhVWNfe6hUchA,,,,l6HGfry3xPs4lreCp8L,,,,AofY2W6i,76,AflpVT3T9p9RSu8ae99,,,,,otnbRn1SVXztGOTBh,NdS1sT443kH,W2IUc8BY9WObqjOhj,,,7OwiixARWGqZ283U9Ha8,,,,,,,nqtIjCZ2hKMyVl,,KStnZWxM,,,,,,,,,,saTgzTAXihddgFc0jIb3,meqEdM50gd5ffHw92,I,lo4ylgzxtqQ0Sw,,,,W6CYb,,,,,gd,,LtruYNtbIUhXVEuyvEkM,,,SG,,,,,,,,81,,,,pnGwsmQkZ02,,,,,,,,,,,,,,,,,,Kz6e3s5zZaabykV,,,240917140848,,,,,54920,oneplus,sc-56b,2023-12-14,2023-12-14 08:13:18,64353,
40383,1,113,,23808,1,4,0,,,,,35258,58,231218,231218045814,DCcALCiJlJe2g,,,,,,,UMfaXEQjCV6aRF7jEFTOv8KrNDZz2GyH2ylK,2023-12-18 04:58:14,UAT:2.0.34,,9,,,,,,66116,,,5zisEQ,,iFjv8GFHeH,QU6GQ,,dNgxqsn2GUkjJswYpqt,,JREJ26HBYb,,,v1zyiUV2hjoj,,e36YqTuKPPSBS,,,nvgEDxrz8nprWEil,,,kZBWuxeo,,,,,,,,p7YUqZTHAjjlc3tjwU,wj,,,,,,,27PUku8MzOwG7LnDBZI,pqvx3lNfl5IBDt,HIDLON6,,,,UpRRWdGFzPZ,,GWZ6dSbKqPfayLTy,xfjCyGLZS,,k,23apxqGWEgCa4rxyWjd,gmDPdT7DVK2YFkpz,,I8pNxBfKrs,,jS9DN,,,,,h,,,,8PDD3,,,o,,,,,,y1VFZTI,,,,VTWU,FCXvcRiVdlX,,S,,,,tM2BaX4Q1TSo6n7a,,cXi1ac2FWQP91,XGCakZmmVJgRYX9f7kH,b3Gr1y8zR8ChQWx,,240917140848,,,PLXjYv,lWO79ZUB0,1PmMMqcfZEU2YTR,,k0,,RSqEEM5fZBSbDPe8Dt,,URNBlZu4Fj9pBgb,,,,,,SFxj6zO7b,,,I97eQCm,yzBGzW,x,,panasonic,infinix x6811,2023-12-18,2023-12-18 04:58:14,,
72994,1,543,,,5,1,1,bKh03S3f5zlddQ,,,,,88,231222,231222014311,,,,,22966,,5440,VphDgfXCn8XVRxt8VChHL9IehAH4oLABuR4p,2023-12-22 01:43:11,,,12.4.1,,,,Kerala,,,,,x0xCgqDCNcCcs1CcLdE,,AmvYm8csuu,,,,,DrXln,H,,,,S4u1E18byItQYMQ,,,,,BXt6eQAxwbvh6,,,,,,,5flgxTcNLym8Zd2URM,,,,,p0p2mQbBFCgUIL,,,,,,,,4yrquJav2ih00jDQ,,YB7E4g3ka2uiO,,5uoulVjp3P,,,,,,,,,,URf6Js,,,,,vJeFQRblRY2cozUIHU,Nk,,,,,,,MQi,,,,,f,Lrz9o,,,,,,,,,,,,,,qAbt5rP43,,,q48NADEV9n4iWqs03,1xLV,,,,VPAN,,,rwQ,IE,EEY,,,,,,pjZHmKPAKXLzRkhy,,e5dsAK,,,n,,nintendo,iris80,2023-12-22,2023-12-22 01:43:11,,
92994,1,305,,,,,2,W5dbUccWY2dOvDL,,11164,,59135,54,231225,231225222807,,5.2828816675781205,94.62828492821332,35088,67034,,,PfjMyFlZOTD6K5ZZhjvfEc1efWx2aQpCTlSu,2023-12-25 22:28:07,6.14.1,3.2.15,12.4.1,,29623,,Chhattisgarh,,,Las,MTLumkfeHB25K,,,KiTv8p79lYq3lY,myeU,,,,,j,,,,,,,,FwMilugrVg,,,,,,,i2cYmD,,,SEHuyGpPr0ZbCMxfQiJx,,,,,,,CvuuJXR7,,,,,gF9PBLYyTSaYMwEpA1N,,,,,,,,e3VMxNc,,,,,,,aXYa,,,,,,,,,,reeRIYy,,,,BLtX4,w,scJuU7r78bq3BN,,,8c,,,BtP9Lb7zSSYQg7D,9hn27mFqqBLKfc,,,,,,,,,,,HE8ancc,,,,,,,,TOpaxhlJgX,,1CuCaWW6w7q3QCzhew,,Di9RamTe0DVlt48T8,,,iznvo,rfd7D,240917140848,fl9xLjZN6Pl4zli0,,,,,motorola,,2023-12-25,2023-12-25 22:28:07,,
72994,1,626,,,10,6,0,,4,,,5442,38,231229,231229191303,,,,30281,,,,yNXp8VpLloLlieeMD9YfTvX1gUUCI9hEWC5W,2023-12-29 19:13:03,UAT:2.0.96,3.2.15,15.8.2,w,94421,m4UfCvIeHMF4vOZdgO5,,,,Vy0QB2JvrHVOf5gjV0,,hv7Ux1gA3HE592eu7x,,,,RfePzAMuAgig,x9sB,,,,,,unC,,pe2uYyTwe,,,,,,5xI,,,,,g1K,,,RRVI9L,xVWxmpRBcDYJXe40xC,,,dAcZ,,,NRARABBA00bvYR,,,wM02juaVENv0Cn,,,,,,,,,,,,,,,,,w3f,1p3elWIp9Tm0,,,rCDvErmSG5y,,,,,OPfLvWwZjE,,,,,ARkHfVcrLJI2GRrr,TtG,,,,,fCSEMecDJIIB583DHqQ,,BHygxqhuiL1gI9I2,,e7,,,wV,,,hoYVKTmwchni37s,gcB,240917140848,JYrm9PMKmgeW,Jg37zP7qzPcwWT4L2w,,,,,,,,,,,,,Dwz9Ub0nb67zv1YI,bh,V8884pctZy,,,Rr9XDN8Pv6,,,,coosea,iris80,2023-12-29,2023-12-29 19:13:03,,
92762,1,263,,8686,0,3,1,,l,,,,93,240102,240102155759,,,,53442,9905,https://www.photobooknewzealand.com/greetingcards/golden-dream?productId=golden-dream,88708,BuogpFSYdjQpTclFfAx1yN9E0UR2qcJhFLGp,2024-01-02 15:57:59,1.0.38,,15.0.2,,,,,,,,,XCONEbdBe,,,,,,5YMSfvdS9nw,yM9ApUQbmLTz,,9694,,,ta0vxFvSz4lJj4kA9,E7yIBvl,,,,SMLtj,,heZEnp9Xcq,sKQvF1rWgaiQAhF3v1JF,,v1,RT0ow5QTSmli,,,,,,yzqhuDg2hmcGdsA,rloGbmkGlttJnA3cqaq,,,9AAi,,,,edZyosXIk,,,,,,,,MthoVE15jQRuKQRk,hoDoZ30HXzgNBQ,,,,eOHZJbRXbrNc,HMKv,,,,XUPsT15rBgiXpsBpI,,rLUWBC,,HG39FcH,,TNYk4HstVD6f1,,,teNfkNjzhW,bpwTdfV,aFnv9fFFdn6eT,,,,hHKSIJQE9nlC,vppAob7wl,,,wEm1Q8ygrLgJSP,,,,SgzpKlLeY6Cs,D,iBZEOW,,,AGX,Tt,,,ywEXnn5W2Xl,,,,,,,,GWq55bo5cOU,,,4n,,,,UqjG84qn1zh6,,,,agMt6,,,,,l-52a,2024-01-02,2024-01-02 15:57:59,,4XFBe
82994,1,702,,,,7,,,,,,,99,240106,240106124256,OQjg,20.795475395919837,9.81699563122862,,,,,X8uzE3dEz6KiIwHnOYDC0GjSmr119n1r0lAC,2024-01-06 12:42:56,UAT:2.0.142,3.5.3,9,NW,,,,,,,,,,,,,,,,,82894,,OKNvulenvjEe2HyMVK,Tn4XAVsB8xublgEZ15Kd,fDRSKbnfM3ZL,,lsS4cAhlkm,,,,,,,nAHPZrYHqbUgL3zy,,ImCxK7HYMVa,,,,2GIXXN3tEuDfuH,WDgN7d1ETd2v,,,,3Nga,,,,,,,,,,,iGmo7wt5,,,,,,VJmMNPNbprfWPxzCCWoq,,FYQMzQFKgPszCl4zu,rBHL,,,,,hD67UPH,,gWHiv7fKr,8W4OcoMsKx,,,,,,,,,,,,mmBC4YdDesT6,,,,,2wq2Th,,,rRjobQvTPoY,,uiHNJB,,,,,,,iImQRfZQBMyQ,y6,,,,GibzHjQsX9lG7vcC2U,92qNb7vPb5bcfvdvpa,g,iQS04pldSwF3,,,,,,,,,,,47635,modio,hwv32,2024-01-06,2024-01-06 12:42:56,25393,
72994,1,587,,13675,2,8,0,,,,,42258,31,240110,240110092752,CUT1rLxa5,89.02482620870761,90.17023008939829,,,,5164,VLkMkDbZ3G5Mb5Q8ovdxiT7FL5uXog0b7s4G,2024-01-10 09:27:52,7.28.3,3.2.33,12.4.1,,,eqATZHe5KTjYUgcf,,,,R8F8VlOxBLtI3,fx7877qcQ,,,,,,BajUqGXazOXzpXjrya,,,VjNnemLRf6SbkLy5zqC,,,,c4tiv2yWIgTOOdGSz51n,fFA,CyQm22z7pSrdEgH,5spwOAGdwnVDW77g,,,,,,,XEf1GpD9onD,p9IeJTAAaa,,,yDyu9,AUqStJrwWQQvArSpFQ1,,,,,,,,,,,,IiXrewbi3I,,Mzu,,,,,,,,Db9i,PnSHMVMqUFOl,,,Bm4QydM4s8kgZ,,8VCNMMMCzT85E,Za2a47w,d1UwvodtsMrZXethg,SqST00li9jIEJ,,q,,,,,,,jG,YjiyfpJspnT,ethmIRZqUe,,,,,,,uQp2,,,,,gYIJRn7ZThF8in7pPDnf,,1YGmrP2IUa6,PFg,,,,,,,,,,,,,,,,,Nv,,,240917140848,,,,wnABBIyP0a,,coosea,iris80,2024-01-10,2024-01-10 09:27:52,87443,
79645,1,768,,62241,7,8,2,,,71513,41300,5381,79,240114,240114061248,3yJe,,4.030357029734288,,72741,https://www.generasimaju.co.id/klub-generasi-maju/register?referral=https://www.generasimaju.co.id/klub-generasi-maju/register,,PAo6vRMpN5z4yQkAt4LnLkbrTmIbf5ZcOzk7,2024-01-14 06:12:48,UAT:2.0.142,3.3.2,15.0.2,Sdb4jErypl,11837,,,,55620,,,,,,edOYrpFX,,,,,,,,,,gWYj93AipEsiPx,jeWzHh,Z7M5ya,,,,JTAsZQPBWuLIkzC7D7,,7JzSrLmcNdkpHfzFs,,,G72MuZvwyp3U,,,DqqxMgho,,y,VWJmNmzMEXBm9KEnbrxT,,,,,2uACate,,,,,,,EBtNMaJuQF4y43,LMIzCYgxySkecJ61P,,dJZqs,wpK0e,,M1DbOoWPuQDj,rvnL682JZ7a,,,,,,,,,,,NgU,,8krt1aGmATLcMLu,Aa1Gi0611xlOlO,,,,,sKDxLI58fboOPQ,,0EJOlyci3KLi,,,,,,,,,,,LnvieuJkHi1izZ,,s1kIolGhtMt,,,,,,oO62KZxU,,O0ScqqjJp,,n15LO,Y,,LO,,6KH50d94G2NoRM4e,Q,,B3o22biDWb32k,,,,,,,,,motorola,v2120,2024-01-14,2024-01-14 06:12:48,28756,
82994,1,32,,,5,0,0,,,,,,5,240118,240118025744,,,,,40088,,,u0Nl534XG2x6EVqmIFAhq6cN2I7pxNSlSFCH,2024-01-18 02:57:44,UAT:2.0.96,3.5.3,unknown,,72513,,,,45922,2yxMpPVqVD,IWrY8YAYzkVA,,,,,gx7K,,ZO6mmuV24CS,,c71IDcSdfu,,,d9fvgxeKU,,,,cvi5xx1rD5,,,gzHRidj,,X8,,g9RpEf,1i71bfCRtoSgGSLy3t,,,,,imhuuw4ld4MdCmRDy,,PN3WlSMh2jrQu4W,,,,,,,,,,,,,,zlD,,,LsBTU,,,,,,,,,,,,hLCDTCdjmfMYS60Br1S,,,,,,,,,,,,,,,,,,,49U661ztO6jmr47ML8U,,,,,rBANqMPDP,PuH,,,,7jGKd3d6,,fLwgESJlcMfseIX,ko,o,,,,IgXT,,,,,,,,240917140848,,,kbff1BMl338Q,wxRqvkPoieje5,,xiaomi,l-52a,2024-01-18,2024-01-18 02:57:44,,
72994,1,97,,23086,5,7,0,,,36684,,,23,240121,240121234241,0KZUFir,,81.5199687841561,,53122,,,IL4YnExVINRGUSU7JG8qTCvtbX6RQBbMDHy7,2024-01-21 23:42:41,5.7.0,3.2.33,15.8.2,mOiyI8q5j3gyC,,,,,,,Uyt22KpXvq9b,,,,,,GUT,qnIfyBOBCMd,,,52873,,,,3QBCbgDNriI9s7Gc,,,,MPEwCwfyZaT,,,GW,,jutIuFfbAQCMz,,,,,cKfbxYo,kIGMOg4fJ0sWF,,,,,,4ZFgpHPgdYVyEb7wTo,,,,,,,,azePhZjcrH,,,,RTQbv8RkoZHxFTGHq,,,,,,,,,,,MSAr44tRZAvSLQeqB,,,fpVhmTD5wPWAP,nmacOz1KFHlAR,,NFb3vhwl3BIaj0,,,PJ6,,5nAh6wlfSOF,eJw7UiZCkjmkDXC,,,RmqYCmfk4jXx9nZa,6xO1TogsfIm4tX,,,DIyga4gD,,KncOClpBvCsacW,sIcPMCqtUSVlc,,,,,,,240917140848,,,,,,RXjlWht,,pSU1F2Dhfq,,b9mtTjQCe9ew5yENmtTl,,PU5UrqW9qWoJnVxu,WV,mtTU9I0Sq8qi,,,e45B92,,,,wzRgL3f,,,panasonic,pact00,2024-01-21,2024-01-21 23:42:41,93856,
11063,1,40,,56554,12,4,1,NG8CwmteouDj2cBFI,1z298r7s,,93613,,95,240125,240125202737,,,,14587,,https://www.life.id/home/products/,,bZE6QlEOTokHyFtL41Uq6UA5hPTyw7cRC2aY,2024-01-25 20:27:37,,3.2.13,17.6,,,,,5uctF0sd5QB,,,,,33646,z5Fq8z1,,ZYBpUvd,,,,,,,,T,,,,,,,,,,,,EVgRHRltEnfNdSAdJ,,,,,,,,,,,,BXixWnTK7,4n74i,,,,GtzDYDCrob,87oKjKbaDxeR,,,,,,,,,9,SaE,,,,,,bVhNw62PyF,,tQkY3aehKkfMuQ,,,dwMAkUxhbtcV1DLRJdf,CF2L5U0,NMZLH1S2JoAKoeH93wyy,,hQA1Xho12LLp4AYxb,dsa7eKR8T,,,XLb6,eNg,AxH8UYRms5R,,Lwvx,M76kLssIS,,,,,,,,,,240917140848,,,JZ,,8tHQZIjVMfFbjFzP9acg,,,,,,,,jPTf8b561fZNXzV,kH8rSQ02TrECzSS8UwN,03wTCELtQvRLFcv,,,,,MZedcxyr,,lFv8A0dH4UQIrt,,true,so-03g,2024-01-25,2024-01-25 20:27:37,,
53844,1,283,,,10,5,,,,,60546,,74,240129,240129171233,,47.67197355892743,,94521,,,,XO9LLhCzfBZYGqY2jGvdgERUMwe8eoAjgUzb,2024-01-29 17:12:33,5.7.0,3.3.2-beta,15.0.2,2ezYcpdSj,,,,,,,EbaHLxtrc1ak,,,,,,IyG6Ye,,,,11986,,,MZ1E,NYLY0yPOLwXR33Z,,iLWmyabVZD,D70I,,88tY4FrY1PE,Wt45Rau,,,,,,,p0AOzc,,,,,,,,kpgd6tk70,,,,yLgoExeNh,,,,vJ8LsN1sLbhScn6Q,,,RNyOv4d1hRo9nfC5jKty,A,LSIiMcb,,,WjoPmlqeUiJ5C,,,,,,,RkVdlu9dkRULEaYQ,,,bVvauNfuEY4C,,,,,f,,,2AFCNsFw,,AyQWFV1p6mdRDD,,6NwnNItHg,I7KNCa,,,,,,op,,,,,,oII,,,,bw0Siu,,,,,,,,I8Nu1LezDtDviKSZ,,,,,,,,,,PKsS78rv3r6BtZVhMTd,,,oneplus,so-03g,2024-01-29,2024-01-29 17:12:33,,
72994,1,433,46284,,,3,,EvgK0ZaDQFjB8N9,sCxp1ITnXLFUoHfGKoH,,,,68,240202,240202135729,,,,,,https://www.generasimaju.co.id/klub-generasi-maju/changepassword/NjI4OTUwMjYyODkzMyNIckljamxDZERt,,YWEId7hzNhv97bSKT4XvPnVtJQQ4TWfkVZXs,2024-02-02 13:57:29,UAT:2.0.142,3.4.1,12.4.1,,,,Chandigarh,,,,0pW6xhyu,,45250,,,RpPvDCsLyClWujAIse,,,gzibH6qhu,,,4PFna5Dfbyjpb,,T1afRqPmnTyNeogb6ToE,,,FcedXi2X,,,,,,FUAT,,0wOXsoMDlXYYuK,,6y9FsjBPNQCYNZ,,,,,,,,,,,kdDZGGJeSw,9D,,,7Q08HM,Zw3kRKIFyrE2dETylp,,,,,3K95jok29XW8fmzu0q,,FChiccqztXUV9C33ZH,,,,,E,,zA8o2bWuNt9WMOjq6A,,,6rJY2AtLIe,Ax8,,,,,,N,qsL6E3udI8a3sou,,,pxB,,,soYxuOp3Il,,fcuZqgkpVB,,,8xkWd5514zTNELdtNoI3,,,,,,,,,,,,5Dyb2FP,,aPbrf7VQ73zrS31Xdnk,7vtV1YUqd,,,,,ZeMsZ,,308SNTYiTCl4hk,,,,,240917140848,,,,,,itel mobile limited,sm-a500g,2024-02-02,2024-02-02 13:57:29,79643,NGmCwjqvWSxv6JCKw2V
72994,1,58,,17961,2,7,0,,,,36999,,79,240206,240206104226,,,,,,https://www.life.id/kyc/,19111,1KGqpF38EobU39YPxzfRdmv3QBWQx2lsG1UA,2024-02-06 10:42:26,,3.2.12,6.0,,,,,,,,,,,,lneSvbShysY2,,,,WYlBzAU,,32911,,,,bJQyxVqDkHap,,,,,,,,,pGniItXfZarXB,,TRq4BgxLxFQufM15FK4,,,ef0QUS4ihTnNhG6,,,,,,,,,,,,pCPvtJX9,,,q,,7NkPE,FMmqRYv,,,,c0hkjtdcbFvV7JuKfohE,,,,pS7gv0BCazpn2IZgrd,wawj4Dy17jZSfHwr6,hVUSXXe,,5NW07fD,,,,,,,,,dTBqfKcWGGHNuYumqwvV,,6X79,,,7rHKHzvuY1wW2HlDr,r,,SylZy89,4UflQfWihZQbhJo,,,E3mjXtB,,,,,rXKNhAt2m,,,,,,,,,,,,v,,CgZnKjUFZ3yr3kUCZ,Yt9,,,,pn,,,,,scsXM0z,,,oneplus,l-52a,2024-02-06,2024-02-06 10:42:26,,
72994,1,480,92505,77881,8,3,2,LJH,,,,69500,82,240210,240210072722,p6kI7EoHaLmZsy8,,,,85379,,55354,zK9fdyQ8LocvGyOxV0tqCJjE52fgK3U9iHlY,2024-02-10 07:27:22,6.14.1,3.2.30,17.6,KPhDUtKCsZwfZmx,,,,,,,hfd,,,mY5IMWsRs9WJkXyLFHBi,,,,VqiLPoMuS,,,,,,VUtJsRvIRQ4S4qZuX,,,,6F5DOwRvy0NP3CN0ea,,,,,,,,,by8Qws,,,vlK,,,,,9nRFaZ8KHORbKNap,,d8,,VgKu,,RbhAMLuuN,TeGovF6x6TQ,,,,,My677Llum,Ftk192W,A6M,,V0H98Z,lwBA,,,,,,,,mkQJl9p,,tBpqBAqRBRLoA2LrYmHn,PeEO7jTs60ta7,,fnpxXd2UrDHMGPPq9tT,n,,RXT8t16TT4DUpV,,,,,,,,,,BVgMBsjHQATvFQ,pY8,SV,,,,EqRJCY8c,,QIPavfuWOgeA3,,,,,PQQ5eHz5eAVJIuND,ven6Ysv8Gy15dt51xhin,,,,ZMZ,bfxXbNmQ8hi,,,0O470zrsof5aRUSFRPua,,,,D5v,kp5fd35IZkgPQA6cF,,,,,CEbyYXo50nhZU15aKu,17108,itel mobile limited,,2024-02-10,2024-02-10 07:27:22,,
72994,1,914,,88331,6,0,2,,,,,,21,240214,240214041218,l7DzJOid2,,,69483,39325,,19653,SSZMCO5dGVSVO5PmizgPBZVSmomQeyJmJN9J,2024-02-14 04:12:18,1.0.38,3.2.15,XGTMROM,,,,,ppVe784mpW0OipG0B7,,EFclqhvWbcfr,,NCV4Ui,,,4urUtvQkLjGWG,,QdKQiT2YypzJOEJf6O,n,jm3,,,,,,,p7jB42ZDVTw3Jq6Eb,bo1zstBI3ZqpBu,,,,,Jz,,,,,,,HuZoCIpjXGKE6QpVo,,,,sK1iZX5yqDpN,,,0l0fqVPQ5qJmI7UJCpQ,,,,,,,,,,dKETdbgIo2djoiL,,itICZmYtEcr,,,,,,,fM8d,,UyU1vrrSw79,,MOwzc275r,,,,,,p7qUCW2Wu5ytGXN3m8w,PgANrGqWZeocYNff,UOoHtLKz,7,,TsgD6E49A,,KM2RlVttytFCPO,,,mzycbwzSHv,,,W,,,,,XYGcj,,ftNE9ilN,,v5dFaLESv4dsH8Z,,8jKTan3TpGnQb,RbMnJn7shXsuQsRyaLdl,,neUh5OP7soyGPy2TcH,,ZTpXq7ZdFBYkLdmRE,,,,5oReSu7NOdwO,SvfsDuMe3of5,,,,kwU6fy4J,,Jb,,,1IzSdZBRIVTdPA8h,,,,nintendo,pact00,2024-02-14,2024-02-14 04:12:18,,WcUhsR3IobMPva0LBw
68452,1,465,,4326,11,4,2,XF50O,3IQ9xHKjjQEfTC,,48277,,3,240218,240218005714,,,,73927,,,,kLxFBHunNguc0h0tQIcUqOQPzSDHcJJhqZjN,2024-02-18 00:57:14,UAT:2.1.34,3.4.1,9,,99252,dEZvU9CO,Puducherry,JLv,49355,,,,75517,G9ItNiYQDT,,LfaTqHQy1V4,,,,,78840,,RIujo8mMtDTN0SkgAyr,,HYjeQX7,,,I,rT1J3jw8,,,,,,,,,,,mN4uWhhMg5,,si3QNZnm8jVXWXDWLT,,,,,V3Fry7PzuemiqrpxTIk9,,,VKKujIBeZPrQrzANPO,,lQfiOn,ltk7dVppNJtPvZ6m,,,vQIF,,,,n8,VhcsY9AiIuE,0,,,,nRRAe47wErvRRNR6cCJ,,,Qretved6fMj8SRnpl,,,,,FNJTMf8od0Wyu8lJ9V,,DBeC,,,,,,,P0waBEexFHAz0ZW,wSWugRGUBXAilvWCD2,,WSUwYel14Nqng8UjYPX7,uZBYOYmbfq2dVjKM7HV,kg,,x2LPjRqfmWn,,EFEBtkoiV8F,WdpH,,,,,,,,W3rypKpmRqb6csDhBLx,3h3vat,,,,ln,,,,tNlMTJ6,5qCHt2v1EOkKqN7,,,8gpQwpvys,,240917140848,,,,,,true,sm-a500g,2024-02-18,2024-02-18 00:57:14,,
72994,1,676,,,3,1,0,,,5537,,,76,240221,240221214211,,,,9864,41128,,,VdQbMKSKD97yHkA2c07q9V7k8KaCyQr8bcbn,2024-02-21 21:42:11,6.14.1,3.2.12,9,,6041,,Himachal Pradesh,,9732,,,MuFilQxv,,,,,,,,,35340,,,,,,cgTNtCtIIJ9kaUw0W0J,,eu,,,,,,AomhhX2PG0eD98uUC,1NVvfGNb,2Yx29mgua26mC8SMoS,,Z4gVF,6,,,,,w5O7hf82vCOI0Us9yr,,,,,,,I5dt,,,,4v0i4VyePediqQwomqf,,,,Ywoa,,,,gRP,04t,,,,,,,d3OeJxXsZFgFE61FM,lqm7tVCjHtWRPn,,l3gdv,,,,,,,,,vjmBy4ZEWLvv,,,XH3TjOhMTa52xYuq9,YcRP6,6BTwsXYosRedUe,,ZwpPZ4,,,,nPdaeY1T0u7,,wVfHwp2RuLQRXNEwb3k,240917140848,,twc0AXyPkcNJir,,2Yk4mKMJ8MEJ2g,,fW544NbccMEm200wgC,,,,,,,,,,DR,,,eK7OS52Do,,,9S7,,motorola,so-03g,2024-02-21,2024-02-21 21:42:11,,
72994,1,235,,,6,1,2,3K6h5ZChG7B,,44118,,,50,240225,240225182707,,,,50616,,,,LEf3QIYaZk3moMMu27qpUdi09GnXZ3dm9TMB,2024-02-25 18:27:07,UAT:2.0.96,3.2.12,XGTMROM,,,C,,,11926,,,,12896,,,,ugfvsPBYBlY5kLL,hSgljPVBDEq7oTwYiO,NLZkn7SmJU,2arzHlAtGvt0b7M,,w53dezC,,,,ldOp,,,,,,,xjiofH5CC4EBZgqTdmB,,,4VkOjaR7rkahJK,,,,CVXBR,,pi,,,,eawPQPNBdYgBH,,,I3gOE4zvtpGSsn1,,,mZKyigD0XcQ,,,azWptAQjQR06P,,,CVvtqaKyPb2Cl6PljFJ,,,,JGz,iCu5pALvHKQ0WjLzJ1Na,,,,,,,,,,jqwTar3je,,LuwxM,,,,,,yRKK0,,,0GBSCztHFC,,,,,,,HDGra6kGb,,,p0h5YLRel1vc801Si,,X69gP,vCLVt5J,240917140848,R0VoYEyjx1O,5J1,,j5b10R0wcbvzt,,B8RGNVWSuK0FbwOgpWs,ylhVDO6PBXwElZDMJmsY,,39yOaD6TxwmSr,,,GzcONcs8OxpHLxpwsrwE,,,,,,240917140848,QaKEw9R1GvVMt7Dixz,cMn3bca26G6TBk,8zIsLufEE4cKa8C8rh,,,itel mobile limited,sm-a500g,2024-02-25,2024-02-25 18:27:07,42978,
72994,1,441,97647,78077,4,6,0,,6WVnPEr,39821,63747,,9,240229,240229151203,,,,36379,,,,SXKhDMquMU4cJoENMYRuq7mnP8WGnOLul6wf,2024-02-29 15:12:03,5.7.0,3.3.2-beta,9,Ec9ir2,,,,ep8XUd47,,,5N2wqWBNJQS6Vf,,,,,,nhOAIhxW9v,,ejTQaOEjA5gR7Z,mj9xnN,,,cVIDiobnpRj,bqWc4R9HtSiunxpAm,FoxZwc4Bj0atKXiMRR,6wBj0li,Z6tlA,,duT1ENwLdFsvmxWzl,,,dX0BJ9alDM17mqkPC6aw,,Agepd2f,,zT4UqqmSE5,,,RT4Zwwu,A,v,31DpE,,,,,,,,,CG,l6dAjr,l0OcE5AGM5gc5zaSB63,,,,,,4JOy54qay,YvUz1WQt,Dzt1MJDDgKHj6V,CAr4OTTzho2OTT,6hW575Frrwon2Fk0,,,,,,n24kQr,,,,,IG62Yt5Vnwx4NwxxhN,,,oqQHnUFHZjk,bwxg5V9992fsi,ZEKXs73aNk2v,TiXy2BCw,0NcOyL6fkIdQ,,,,jrIBMTWecP4kqW1hyh,4qn9ErS7,,xFeRH45p77y,,hWkYvdOVzH79MGjjnR,,,KxN4d,,,,,240917140848,,,L43CWl4IjXZfr8qNLs,,,sbyaFN4h0wNHVRIwL,,cvXk57X7u,,,,,,buPxm,,,,,fH4,,UhUeL5XA5x6br,sehyt8z,,,,2024-02-29,2024-02-29 15:12:03,,
92994,1,158,,,2,,2,,,,,,2,240304,240304115659,,52.83143399650535,20.489513996600394,64229,,,43343,qvGA5hzWq1wSaCdyq9gmi60zB0Ji0LnJ9WN2,2024-03-04 11:56:59,5.7.0,3.2.12,unknown,,,pvNQzvPZbXq,Arunachal Pradesh,,2421,Im1Wlemo0NvBoO11v,,,,,,,,2KB33rlzX74mR57l2,MiuBsDLJmahB,,,,,,aLqeeFHLeDkR,,GT9K8QdocHFjy,,,,,,,,,3ODcKsev,,UdlOmRIb3p11,,nMcALuOxi,,,,,,,,,,,,3JX1kTI5fjsEetMx8pun,,,YppFeoou6q,xs45rDUJswZ,,,,,,,,,,L1RQZz,,,bkpWc6Ru7LkO9eAQ,,,,,qoyXXTojKG1UHl018tpc,Sv3FSEEOIdk,G,,,,,,WtxNsVBdUaBpPl5CRWkY,,ust5,,,,GlRIPoa4HDTU,,s,,,Q6r8ffo4,,,,,,,,,lKTpGo9YXUNwnM,,,xZQfCYaShe,23TAvVsFytGfZzyipt,,BVlMCa6ScF,Qvn3Z,,,TnPBODJxvV9l,o51OOJMdnqZ29U,,,,,,zGFlGTIg,,,xiaomi,hwv32,2024-03-04,2024-03-04 11:56:59,,
92994,1,595,12662,,6,6,1,,,,,77078,81,240308,240308084156,SqB,69.1111575145239,,,16769,,35601,Vi3wrajIOzVKyheTQxkfU1faryUY08uMape8,2024-03-08 08:41:56,1.0.38,3.4.1,12.4.1,su2c2ZBWBT9nGwy1,,AsF0sz1i5fmBVM7R,,2bhdNekICXj8SH,,,MdkEkAYDF1v,o1NWoXwkbkksiMyYU,,,,Iz49Fiu8Kkd,,,BYcvoFp,,5016,J277dpHRPeN,v6R,,,,TcKsj7EZDyf,,,,,eNdWqafx,Eh1a41meMoxH7,,vzvkBB1,,,,,WiIwXZvifclaaCshlV,,m6dLZeSXhw,,,fQuzyYv7xuDF,,,,,,,,,,hTAyZ1UL0Ul,,,,,,,V3goLx9XQYSTv,,,,,,vns20Yb,,nhGDQaR23Zax6W,,v3usV8vyAi5dxOHnOs,,,,,0KNU0JARYmPQLzFtc8g,sg8O,,Ktg6MMM8beB3,,,,,,cN9J,gR,,,,,,,,JHjsfAQgJLn7D,,ESBIVXE,240917140848,,,,,,,hckvnP11RLV,,rPTVYFYyyvW,4OuBh,,2GvUavB,,,,,C9HeK0c4xzitNNdZ9,240917140848,,4X,Y,gmQfgcWCNnctdIrg,,nintendo,pact00,2024-03-08,2024-03-08 08:41:56,,
73834,1,212,,,,4,1,,,19500,,63127,37,240312,240312052652,,,,,,,,SSjfwvmSEL2Z66AZW1Q5I8vyLos2eaacYGZV,2024-03-12 05:26:52,UAT:2.0.142,3.4.1,15.0.2,lVXCRVmYPfRrRr8F,,PW80,,fqnfSnJwbo0h39H9f,,,,,90916,,AdR,,,Eu,,,,,,,,0SHUyuG,,,,,KvmNYsyltaAm,XBOIqYdyBD2Xz6tdJ,vTZpnee1tpp0US6ll,,,4u4YloI1N,,KzYu66,,,2M3UONgrPhUS5V2j,qAthaTczBHAz,,,PPRWAVvs,,KD,,,,,,d4SSkj4bY5E52M5,,I5wHFldxNeY3jT,,,,eULcIGtFRt,,,,,,,,JvwGUsun6,,,jfX,,,,,3BgVW5KScSwtc,,9HGfJJ0v,,Afe0uAUz,,,,,,lsl7TwIRU1,,,Bw8kqvobtJ67LyWBMT,,,LgblX8,4oz5,,,,,,,,,kfgeofoS0kgIR6q,qZq4ZZVJ,,,,,,L5zj6pAlmj,,EaEChsMaZEfcp,,X,,Q1FwABRYGFpT,,,ubSkxwwSfXHRe,,,GRyoAFjXAmBq,,,asus_i004d,2024-03-12,2024-03-12 05:26:52,,
72994,1,577,,78334,2,1,2,,wiYGjy,31139,,,81,240316,240316021148,,,,97699,29785,https://www.life.id/kyc/,,8tyYYghY8GrS1BYTj2JvuRvf54Uzh9YaeE5s,2024-03-16 02:11:48,1.0.38,3.2.12,,,43972,,,,,,ihrajWC,hCpIlxBCq0Pm,,THjOPHaCy4MKN5H,ILeNzD,GOXNXY,,,,,,,,,,a,iRgmCsIvIYD0kgNevB,,GoF9O6v0yI8WEXhqkwW,,,,,,,,,,wgVihg,,vw6cwmrz4baaO2sU,,jT0,,,0miF,jvgCwh,,,,,AkckpXVTHuLJN9,oTom,,,sKtPl,,,rQt9h46w1Qz9l91D8R3A,,,,fvsL0KhwLJBev,,,,,,SkdTStO2,,,,,8iV3RG,QdlT8P59,,,qVdoST9CS9UiM9AC,,,,,,,XtI2NYDKiZDTTG1,,,,,,,KIAaunzD7,,,,,,,,,,j1,hUrKWm,,,,,d,NUPlu,xe03lVhDMQcopYDNQY,nL2a3Gp,SWBC,,,,240917140848,,,,9vVSsJb,1208,itel mobile limited,,2024-03-16,2024-03-16 02:11:48,,
72994,1,409,,,,6,0,,,,,,51,240319,240319225644,,,,98100,,https://www.life.id/kyc/,,U9WdBRmvTCOxKNelAdGgBdME6b78kcrLE3sT,2024-03-19 22:56:44,6.14.1,3.2.30,15.8.2,bHypS9yj,,,Puducherry,,,,,cm1yD,,,Kel7qJ9Y,4Wk6p18Imv,,,myRVx,,,8z7Q1C8xivMxePaFcfjG,s,IbQ7,,,,,,6se6ofG,cL,,,pYB79tO520S,,,TEnMpzgLCcAXL11Mj,45m4L4PpL,t1OwxhDLjN8,6HfJY5iVQ6n50XLFoPEB,26H,,ZnY4A,aPgvx2RcggvMCoK,,,,,m8JppqR0mSeni,,,,,FnQsp1mslojtI1ONjWFJ,,,xaeTaEVYfVLj6vwA,,,,,,Y3gL,acpO3GEWmD45chWAeeJn,,y4bXF1YvKB8q38q,p02U5BJGNwA,,RRth7UNwjiJ4,MotizXs5R,,,,,,,,Iol06SwwT6DHdJUn,,,,,tT4WuzSGQZABU3,lW7wZNdyyNucfqyTdr,,,,,HYyEiKtEChMEBdePeMqo,,,,,llvpi,,,,,K5CfbnCuBd5bZCQD3,,,,,,,,,vI9D,,,3RZ7cBSmOYKGhfmuaFY1,,,,8Lc4gz4YNk49z,240917140848,,,,,,true,asus_i004d,2024-03-19,2024-03-19 22:56:44,,
72994,1,443,,33971,10,0,2,zhgt1M,1xex80O5bglCE5Fi8M,77635,,,11,240323,240323194141,,13.489375772930556,,,75537,https://www.life.id/kyc/,,At8I0TMgcEZKvzEtA7NZv1RPBEYKRjIJNfBZ,2024-03-23 19:41:41,5.7.0,3.4.1,Android12.0OS,,54832,,,u,,,,3g3giXq7SrdfNAuGXAH,4263,,wanyN8MeHMpiZ,TeBRYm2gCWEV3,,,5N,,48988,,,6,,tBGVbx,,,,,zyMxhC7qQQ5WmAbz,ZJIlyC0hlUBplVfQxbG,,1y83PQm,,ZB6A4EWjw8,,,,,,,,,,,,2dHO3IOw7XjrE,,,,,UfWmGmTUbqK0hI,,,,,,,,,,,,,,MNvP6wIR0B0,,jgteTzePE8AVwQhy,08HwZrXhj2cxhRGUvNzy,33Yh,,pL0IZazmcV36oX,AEf72P8ke9INu7,,,y1AXutUVE,,Xsc4,AaQlWB2l,,38IEQMtRw,axQuRB70w,,,,,bUXOZbp5AMqfW5Bs,,hySYMzT3F4Mw05QD,DISh0C0Ue8dKffiCL,,,,,,,,mL86eDFgQZW,GrnoaG,xPUv,,,,,GdLG,j7YP5byzmPhmoYdxV,,,,,bE,vodgh8QWhnpu,2LI7HB,,240917140848,,UdeRTWdQ,,,,itel mobile limited,v2120,2024-03-23,2024-03-23 19:41:41,,
99910,1,193,68739,35573,2,0,0,,,,,55975,26,240327,240327162637,,84.27409899120875,,,,,,F6EX9ZqzphPN1uC0QyJtDKxpdMLV76Ph5cJq,2024-03-27 16:26:37,UAT:2.0.34,3.2.13,17.6,h3i6d8u5rnP9,,,,eORPfR098ayUq9,33707,,34MhfeH,sCFwx,,,,,,vADlauS8o,,,5211,,,,,woU,n3bslHE5l,g32SbaNjO,qO7f92RnHGcUe,,,kh8UK7ZW0ndLAc,ocjexPE6y,,,Y4wT,0,M4HqPcAo4Au,HzvBlkQ4XGW53A,,Iz2LtHxu3elY5CDSQ,,,,,3CiHcmGZ6pn4Jblg,,,QxIep6uqz2qrEP1,iahsgNP,u3OeN1eGR9GYKTa,,,kaWMO8SH56xKbQkyNMO,e,,0dR7lPy,,,,WN1lXInXIMzRDU,,rgyhyXWPhYVzC3LdH,,v6YfihpKft,,laFXP3zkOxPcOsnbu,4YlTqDTTtI0FIb5B,Ye7oubjYwPwb,8Qr4IphrqfCGvoqoFV9,,,,,,,,,,,FVlEUg,,,2Ls,,,GYQT1tiScUkZXE,,,,,,0bGCwPYr,ocDZeY98XfN0FMjQ,DJ2a,s2v3rTh8o1lMS67R,,,,,,,,HpellONpJ3P1nVSBMA,w,,,,,,,,,bZCQH,,,g,,,,,hmd global oy,l-52a,2024-03-27,2024-03-27 16:26:37,,
61263,1,342,34622,,4,7,1,E4G18uY,,59032,,,65,240331,240331131133,,,,64786,,,78717,rq5ZVhWtBJT6sMog7Szw6MZ90QU4cGYWQwUj,2024-03-31 13:11:33,UAT:2.1.34,3.2.15,14.1,RQvMu6Nf,47645,,,,,,aHMQP7MDyfT1z2Gx,NvSNzEW4cHxNcvytRm,,,,,pl0uYVU1MLzd,,v0Ct4wclq2VCb,,,,,,,,,,,YPE7aMkQG,,,ILwsUJR,,,pSC1n9XCfnWJ,34fteQaty,,,,,,2o2EBDucePbs,,,,,wnC28ebNgA,,VOkm1mMRFnSQpr,,,1ptNxtrAz,,k98eKJxE1an7sP3x5,lY,,,,,,,,,,hGo,MxhylIR,GBNOVphcxcTJ4Tj8P,,,g2l5PENMU26Flkg,,,,,dJsNMuHuWlR,T12kCMNb9VAwqZ,,,,,,,CQ,,,6gi1l1Ys4,,,,JrxZb4,fobBU8kizK,,,,,,240917140848,,,wQvtPoryYDbRY5Y6gY,swDr83x4Vnz,WBgcTPh9WWIRmt,,s67E,,Vpgftu8cuRjnMfMCsv,,,,,Nzq,,yL97Ie81tVU,,,,,Z8ZRbxpu,3SEEd0rkv,,nintendo,iris80,2024-03-31,2024-03-31 13:11:33,86933,
92994,1,65,69736,,13,8,2,,Y,,,,89,240404,240404095629,,,,,9746,https://www.life.id/kyc/,96379,w4FJ5bmW6sfugDfVOyHh5tz8RBbjRUJFMkr5,2024-04-04 09:56:29,1.0.38,3.2.12,,,,,,,,H3H2LAom,,,,,,,,,VFy4D7aLc0,,50873,,,,,FsUaJSEHHHF4,,,AhFh5xzef,,Y6XJWf,3j5ulLzv8uK5SikHqV,,7,,DgHtXgxcv,,6a6UX1gF,,8VVghOShHDhM2GOEEJ,,D5ueBE,mkijK5iFngugC,,,,,,,5FfS,,,OLt0BgTolS6022,,J,0Ud,,,,zkGdzf0OVFUW8m18Q,a8ZFDthA9ILh7E1Sba,,,ExwD8eVH,,,,,,1giQHg2xgOZry7,DS1FiL,,,,,4pBoOSBQLut4,,knLzFyic6FvGBjv2,,zd3VarQ,,uBzo,bp8hV,,,,,moRpyACbrW9CvzLwaPAg,,IqHxNj,,VGfVgEKWrbeOXvgbE,,,wpqGmoxzrrs2Pvc,,,,J,,,,TYsVv6g,,,SI0NdNWmfudrTI,,m3wQsCrBTuu,pWG2,b7Umd,oX,,,,,,,,,,,itel mobile limited,iris80,2024-04-04,2024-04-04 09:56:29,30528,Nip0
72994,1,553,16671,72702,12,2,1,,,,46618,,63,240408,240408064126,,,,58056,81166,,,6n2ExabC0uLTLape3Qgjab6rUD8FdkBxoXPQ,2024-04-08 06:41:26,,3.5.0,unknown,,,,,,54958,,iBq4Ai6,NOjaSOYTxs9,,,,,,,,,,9PPFEbQDnTLeqvntPc,,,,d3KnQrhcAaln9s4,,,9R6DO6MqVlgLcrm96aNj,,,Mk9vAD2L8,,PvTMYazcQQAAADcb5Rj,,,,TpbizQl6iBlZshSnS,j1wkh66BU,Uztw513Ucqv8zE34g,,,,,,,,,uKhMeNg33qhog,,,,zCGoPKrwNnF0TziC,bBC3P0Nb,,,QDVi20G5r777On5E,aTcgTmONIM4,spRKWrV9iZxL1,0,,,,,,,,,,GiD2xjw,,,,hso1nN5,,,HzLzzRz0NCjvAWRBkLNX,,,,,,,nq5rBDrwe9ofTC6YxPA,,,,yTLxmqPyCMS6BBB8rGz,,,,,vJMdh,,,,,,,gQTwy,,,,,,,,,dLIt9JasSL8Re37Jl3,,pqk57NK6APVkWc6ZXI1T,Ni,,,,,,,B9,,,itel mobile limited,iris80,2024-04-08,2024-04-08 06:41:26,,
82994,1,358,,66098,12,4,0,,2qkNQpVF4l0XwFbEl3d,,36389,,33,240412,240412032622,,,,,,https://www.generasimaju.co.id/klub-generasi-maju/register?referral=https://www.generasimaju.co.id/klub-generasi-maju/register,,2IC6XwbQFqC6ZJRxSUle7yPvQ8vdUhcofQJH,2024-04-12 03:26:22,6.14.1,3.5.3,6.0,PpCjGgKVH19,,,,WTQ,,,,,,cAcNjk,,,,,,,,,,HCsrZOoh19A,,,,,,iV8tp9YCbXlLmxsMi7U,IFdF,D1w3TOf4FfeXQGCRb1,,,,,,CUQD,,,,,,,,,,p1Z5kuKpB5ZfrvbcG,1MKQP9j2r4vPC,NULMxKvnhgl9I9xFXhGf,P8Bv6rEpJIIj0B59vbrQ,,,YWWnGCtwu7ATy,,djoAIclTtZ0d66zp9T,,,1CiID1TdZkknGJE,,,4LEYqi,,,,HJIcNUQgZHSIe,,Zxh7lHIGjkV19,,,,6tOuTpsl,B2,,PW2RWtyIrv60DGWR,,rqiLNpqloGMgeCg63C43,,,,O,uvW93vgtDJ,CldLpgG9yIwEiQS,,,7vmI6,IGY8hRyr6Acx7fDiGtV4,,,,,l,lQDXE2Bx3btKgy,,,,,,,6YT3OMEUfQ3Ns3egek,,wT2AeL7M00yRFt,,,,,WIytreYwlbV804MH7A7,sP,o5bxS3Ckj8mp6FkFz7t,,,WRhyW9C5PBxJF,QmiIB9S,,FYCl,,oQdCBgmPSILoEMcFd6z,,,,,true,hwv32,2024-04-12,2024-04-12 03:26:22,,
82994,1,558,17604,25497,8,0,1,,,,92713,47416,73,240416,240416001118,,,,,,,78319,VNJFdrnSRy3nCUZcAqXijIKRmz64QtCarlEo,2024-04-16 00:11:18,,3.3.2-beta,unknown,,,,,,,,,o73wE0FFzn9LnZ2,76057,,,,,dzYkSP1dOrVblbutMSdd,,,,,,,UOMLNIalJvyhA,,QYP,,LQfmmw2E2LB36yhjtLa,,,,,,,,,L7,,0URSZNb3n,7w7f2lleksKrv35LPU,XgKmAuQK,hW4Umzl3PF1KuOxTpiHg,,,,,,ser48,,E05wFrUG,,th4bh6d3hDBU8Kce,obkGj8SML6WruiruE3,,,,RkQOD8QHp37BTX7iiQk,xPGnh,,,,,,,,,,,,Cxb48cJ7uW,,,dl4fD0zusti4UQt5,,V1Yhh3zyuxXO5mVZ6N,,,,aQKXd3sgejD4,3iHkKF,,FJfF9jkBZ2OEX,,,OIZHRg,,,,,,,,,,cYSRkJyNS9ad8PE,vUPN0fyRZZ,240917140848,LugWMeHRqqd7vQU,,XKvDovD4NrtYxn,h,P1lXznalVK3FLbm,xU1yWy,,,,aIuP,,U1qHNmILqsqynW6hhQ49,,sD2pPM,UdW16veTALb,zpgutQP5,,,,,kscEkMh1qfbpa97Zw,,88429,xiaomi,,2024-04-16,2024-04-16 00:11:18,,
52446,1,264,,93844,5,,2,,fN6q4zWAMv9hIGU0NWz,,14905,,30,240419,240419205614,,81.66100426623478,,,,https://www.generasimaju.co.id/klub-generasi-maju/register?referral=https://www.generasimaju.co.id/klub-generasi-maju/register,,IL7lX4g2wSCkai4tQD3NQnMRoMktdPM3lE1F,2024-04-19 20:56:14,UAT:2.0.142,3.5.3,6.0,,75572,,,WwZ,,,,Nv43U5q6ua2VWYOLhk,,,,,,fa7fUpjSBla5hQ,,,,,,,,,,,,,,,6ggizXkCTRgQsbtu,,,faqGIG,,v6W46RMyn,,,,8BdDT,4,,,D,y4b1XhnQfhLLHKdYws9G,,,YhufQGnY31Dc7P,,,IBwt,,,,,,,,,,,DU48PpO7wS5s1gtUoOP,bzmRJ5NW8,CyPUY1kBPsP7,i2OiM3,,1rhmHIM4J,XFvcvAggwiS,dutwf65b,,ocAKmK0hvrnAdv,,YSbryk2IVLvK9,Q1IYAH3AJ1q9y,,0XWZleIIXUjBGITFSSg,zAy,,juRZyIDB,Tn6rqZ488H1T,,tCLLfG,2GLZAuCRlwrW16R,,zVreKZDD,,,,If,,,,,,,240917140848,,,,,,,,,,4exi3YOx,,,,yWrccfri2ZqtExG,,,,,,F5ey4z,UUjM9s,Kz,,modio,iris80,2024-04-19,2024-04-19 20:56:14,32509,BPmbamR9Nx
82994,1,136,,,4,7,0,,,,,,61,240423,240423174111,,,,,,https://www.life.id/kyc/,,RB5C8F5SyWvRCMhcfIbMCSPsMBuwxYtFgHSQ,2024-04-23 17:41:11,UAT:2.0.142,3.5.3,XGTMROM,,,DCEjbbNWTTSr,,Udz35,,fYHOzwKhKj,,,13485,,5WNXfB7Uv0GZ86,LNeIMzPffReuCFcU6,xzdwqhVGYOdB45RP,yFuKm,ZbBTm,,,lxIgtBYlnHZW4QKipcAu,,,,GwaMe7p,,dX5huTyIS8jGXk5Oo,,,pE1gvItfS06,,VI3408CDXq,,L713wgE8ode,,,Wd6FyKUU7MMIauL,,PR,,,gPPlz8TX,,,,,2UucNWlhKzm,,4,,,Pg,,qaKcxmJNSI7pM336HC,D,,,,,,,,,SeYmsI7q,Qxa,VqdU7XCETZw9vQRMXn,FrjIc,,,0HoHPV9RVM9e0,,,,9eBrBOrm,,,,,,22joJAggp840QpJWJ,,,,NEIKwKigetv,,,,CfbQOEbi,0W9gx3Mh,PoCAn71qwyci8,bI48HJjlU70Lp6,,,,,,,,,pvFzlcgaF774Yi6,,,,,Yf,eD3Ew6ud1sqBF,,,,8fQpel3,,,,,,D2JWZwJyOyVk6k,,,,10647,oneplus,iris80,2024-04-23,2024-04-23 17:41:11,,N2guXVGMKx8l5EjJpZ
64706,1,508,71192,,11,4,2,,,76046,,,32,240427,240427142607,,,,,74893,,70292,umoo5mBsa3SqQC4uTCAMCXnZrpwscrjs6XBT,2024-04-27 14:26:07,UAT:2.1.34,3.2.15,Android12.0OS,aD,16958,,,,,,,eqn4rxRSQIZ,,,5BBdQPAy0xnPCe,WXKQ32hLW0696dqU,,,,9B0XUPJncUA,,,jt2c,I,,,Y0FJwpZRsbva,,,,,,,,yh,eTstsU2gKrr,XdwFbke43p,,,,,,dHU69,,,,,,2oTDri4aO,,,,j8YNYgZEC,,,,,,,,,hvfUBbQlIZnNOJYt,GcQ1JFi52VBNOv,,,,,,uz8iztN,,Gsg18xRplYURqUVmJ,,sdh9,nfeeefYKi,,,,,,,,,,bVcCVaaySGFF9Q8,zJyG2BIc8gKD7qhi,,Fncf2z1RyJbx8,,,,,,,,,aqHbs2Lk34b,,,,,,cdbbACQuZFzOiaQhEFSW,,,,,qWYVmqf3JcIwAQLH9mAv,JJdjF6jaWHBm,,,,,,,,240917140848,MsK1s,,,PCgbfLXF2f,,coosea,l-52a,2024-04-27,2024-04-27 14:26:07,11319,
72994,1,955,,,5,2,,,fP,,,,95,240501,240501111103,,79.65014094821822,,42209,5560,https://www.life.id/kyc/,,tbxEF7zQylm92xuMwBsvRXa5lo3OPc6mfbp2,2024-05-01 11:11:03,UAT:2.1.34,3.2.12,XGTMROM,yjiVEUrVp3,,,Uttar Pradesh,tXJFX,,,thRZbQcxg9aNxuMp0Rg8,,77861,ybcBNM,3rNSEpL2Z8BK,,,,,2u4JX,,,,,NEXzItUBpzSRJxpptN2Q,,,,l4xNF,,2weTStp98LIGPcuG,,,5dMP,,,,,SxsesCa4ZoFwJPO7y,,,,,,GwoWc,fov7aFfgfOw9B3cb4,,,,4xmeByVfesIPwZByaNz1,9YBrrWHcZ,,,W3mTX7SPzXxhyDe6j,,,OiYss,,,,,zncI5mCa2WYXumNKmR,,,,,,,,,X3BF4a,,,,,,,,xOJOEuteWA,,,tZyINWgkkZndhJwe,,,,,bQEu2Tr3ro7hAEE,,mF1IMfcJ,s4UnpxQYo5qaN,If2diXv3UOhg,,,ZHW3LPqYv6TBX9g,,9PGlIeT41D,,,RNwqQudhIOewmRN2jS,,,,,pBooMOe,,,6MIxnAenllnzhsiadK,,90Q6b0P5X5S3Mq,IUf,,g,QLpAB,,,,,,,,,motorola,l-52a,2024-05-01,2024-05-01 11:11:03,,
72994,1,866,,300,3,8,0,,,,,36723,18,240505,240505075559,,8.125784860574758,,,,,62980,mksUw0KdcHtQRYoR6ngToSu9GO14mEMsRpRb,2024-05-05 07:55:59,UAT:2.1.34,,9,hEM56YJSrGRp2c3zq,,,,,,5PhNq,duVzKz6XP,9Z6L8KUJMRYeys,85359,,,,,,,,,,,,,,,,Uxqm,ViOLON06,0,,dogLo5gRyOUpD0OIgB,,EEVdojQWtigshAi1eBH,giVOZ3qoi9,,,,,,,,,,,N,,,,,cMkC7fN0peQTX30Wp4Iu,,,,,,7jKAR,,jp2xc2bjIJCfhu1b,,,2,,,,,JMnCFUjA5K30qCfKwm1G,,,,Jz2VqjlG03h,,nGDNGW3Af0hoM41QFJ,,,,c4j,uUtaQGOiLs0wTy4AkQ,,,,,,,,,,,,,,,Mqybc2J1DGj0I9sUoHp,85PJH,,6DMVZYp1rPYQ,,ITZ,VBsHYXuzrkrQWnVcx3Q,,EuVK7hMt8zkiktQ9,whA4rlx,WmHRRWMkRA,,,,,,,,,,U,sEIOOUzl,,,,uqd2b7nHAsS5qPPoQdIL,uMUnGZps6VS3hFK,,nintendo,sc-56b,2024-05-05,2024-05-05 07:55:59,,
72994,1,891,,,2,,0,,T9,,,,54,240509,240509044056,WmqGZS,,,,,,66199,lNXi1O63jeBX4CnV0eRet3JomeUcM8PkyXFO,2024-05-09 04:40:56,,3.5.0,14.1,xiv7saGn2JR,59144,,,MRsrrjJWz,,,0GkJtRHuaD8JofOk,,,rKaZA,,,,,,,,,,9Anj,,,ke4T7nbD,,,,,,,,,7RiioADcdxqmeeVlzJe,,,,,,xoCqvef3spvFmNzVQ9,QjZ4NgzMc,VbWGnL0Z,,bgsZr,,,60PpITP6MGS4o,,rdVzgP2u,,,,,,QFbzGJGhC3,,SOWwBXm,z7WQc6L,,,,,,,,,6IrJr0SE,,,UDVm0GjEjr28B,,,,Qb4mFUJ5Nybjc,,,6bhlAV2Mb,,vpJuuPUgegfn,kR9JIeEtEFU,WQ3L,,,,JT6qEBph5ru0deo,JmEF5d,ABA6hRpnSNfzm,,,,,,bPrJLC6LkQtcc8,,,,,,,IWL02lP,,,,,,DPW1h,,7tiXAavfwnYocajolHG,pt,,,,,,dgly,,,G,,modio,so-03g,2024-05-09,2024-05-09 04:40:56,,
62470,1,349,,68186,,,,,KuMzJQfAWqQwOv78lXa,,,,93,240513,240513012552,,,,39572,,,,GYogSzvbn2AXugCmtAwBiCzQdESJ8Jyi7zmW,2024-05-13 01:25:52,,3.2.33,,pgR2QHY6QN,,,Tripura,,,ekxFQ2,,,,,qRsLRSE,WmpWbaNqeZsX9OxgXYaf,DOTn87IXtA,d1TXnNxEnd93kZ3ek,,JwuF3ZlQb,,,,,iJPJUPNtYymuRzV,fcsksTo6ObnZnF7UCsIn,,,,,,,,,,VQRJwPFZuHt6zLwp9K,,,,,,nmfehb60hll1dubE5,,,,,,,,,054,,,,,EbaQu4kdFp3LgG,hnd4HhBFBhqGxfbUw,,,h,,,,,,,,,,,,,46zkpH2IAgPZUvoK1Fr,,,,zjjDrcsaiis1Fy,,T038nuJlskDxD,,zm4Wtxr5U4Ree,,,lYUNJi2qy1k,,,JPNapRlBq,,UX74rFRvcXMEZ0,,,,,bZ2JZAxGAuHOu3b35jOS,,XCqoSVV5AYCy4CfdkjRv,oNqZpLhqsDoZy3ff,,Zw,,RB7dOyO2,,,,,,ZolQwgHYl,,cfssKEyGsnIflNsT,4YrG0WcFHivju2iOrNv,,,,,hQyipgrp58AqujPKOq9G,240917140848,ZPuA5A,,H1q8h9,6wxxpTx,,true,asus_i004d,2024-05-13,2024-05-13 01:25:52,,
72994,1,922,85689,,10,7,,,,,,,60,240516,240516221048,,,,,49230,,47827,e38Y5F8YdZ07qXaO1Awhb1ZvznSbC7p2dpLt,2024-05-16 22:10:48,66.6,,,,92183,,Jharkhand,,,,,X1YAl8elQ,52135,,,QD,Ag0,MFzqc82lGEOW,,,30935,,,,Ox9,,,,,,,,,,,,,,Qoyk8UgaCZViPd5,vYYfOhgtfa,,,,,,,,Q1bsXvnX,CyPtUn,,,Xf,z6,UpKiAelpZ,0HFuzOVz9SlvUsVm65,,gZQzHP4yLq94,,RbF45g9,GThamHt,,uNTamTWk8H85XRN,,,,,,,,,,l6OjBDYa6rGV1,K1htaGfhOS5Ud0HzyyMk,tdPpKH2ywj3bDy0,,,,,,pMphvdwN,,,,,,MKxgJZ,,,VQdmpwGxlPe0BBJ10t,ex9hLFUILNR,oym2RKQmdme6Ghldtg,,,,,,42WN3X4,240917140848,,WM21W5gL,,yROtSkLbZ7NqYXDBzNSQ,,SC0eIZvK,,q,WdgA,,,,,,,,,,,XTXltJNYoEJ3,,,,nintendo,hwv32,2024-05-16,2024-05-16 22:10:48,,
49925,1,70,25561,,0,7,1,,Gwj87D5dEafx3,,,5194,30,240520,240520185544,,53.753052455322546,,,95843,https://www.photobookindonesia.com/desk-calendars/all-styles/papier,,GZckOEMJ2SXUqUhKVzUXJQUR6ilSWuw0ORev,2024-05-20 18:55:44,66.6,3.2.33,14.1,,,,,,,,,v6DiZ,55646,,mMPR9eG,,,,,,,1dvQlzKI,QFumIASvkwYN2ewgpk,LzpMjdLB0,OBZrRCx,,,2WFrsAMDOfBzdAjntZ6,QxPHP2IzP2uyHWEQ,,fyFJn7Rsyt6,,,BhYB5k1TrExdlD,,wVtFirPxrODEjp35,XXzQravYkXqvv,,,,6wQ8Sf4Zl,,,hqppLY,,,,,,pt3F8XWXlYMPTF,,,,,,4nFVQpN,,CqXriNKqC,5kYweVeb,,,,,,,,,,rUk6cCPenCQW,,,hbouqffUEniaVWKkE,,Cd71PdurCBGgFomkhCAJ,,,,,,WYVVs,,iiAz,,Eld86,,,o4A2XwmR5x7,,,er8k9U1LI,,,,,,,03f9fndWynRq0XCdqyXl,,,,,,,,,stQp,I4ixKB4MXSQFvoy,,,TGw1KR3,,,,,,,,IMpxXP,,,62123,oneplus,sc-56b,2024-05-20,2024-05-20 18:55:44,,IyA90O9lwAagOCMFuqKv
72994,1,280,,,3,7,2,H,clhqZ7z,,81351,,1,240524,240524154041,,58.84743942668067,,,,https://www.life.id/home/products/,5437,j2zf1qcgxQRdwSCGumo6cXmh2jfCFFx30xIC,2024-05-24 15:40:41,7.28.3,3.5.0,,Q49Ie3sQXGbG6e2mENPK,,ItjqZO9b,,,,Jt2oxThnJDI2s,qqlIixfbCpXe2,,74754,pZZWoueKOQj3W4,,bAI,,,cWXIheR3tgsqwa6O,,,,oCa1,,cID0tov,,,,,,,,8ED2cbB,,X,Vhp,,,,,,,,,,,,9nrc6FYVuLzCHxYcmf8,Senknrby,,pfwKgGUYQ7E6U9P3i9,ci8oYe6kJ,S6GPEIiKN9EzbB,,uXgPkOs75u,,,Eip,,w,xiqMiYbXI1aiAs3MvvgH,,,,,,,,,IdBBZ0JIkVaTa8ppD,,,UE1e3ZA47KQ,,,,W1LeRjpbqMcn,,,,,Jkhu8pfBJisilNd74FB,,,duPRCy6vWFHnPo,,,zDDRFZPDAKqtVq,QNXcX1qBWaurwMRYB,QAmxyMkUMJh7x,,yAdvcecA8pEdGeWtJzhE,,,,ScKJpOY4YTkna0yfnNd4,hRJoHUNA,,,,,,,,,,,0qmomAtx8xoqxh,,Bl0L6igvLroz4,FcZnwvbIbWFV,,ZaZ,,,,,,a5O3UXRVdAbT998IaGT,,,nintendo,sc-56b,2024-05-24,2024-05-24 15:40:41,78979,
72994,1,54,81351,,10,1,2,dGzbf0qF8YJpE8Ql,CNaJmAgyhvZPjZCYj3,,24466,80619,75,240528,240528122537,,38.59883385826186,66.19488678757428,6268,17583,https://www.photobookindonesia.com/desk-calendars/all-styles/papier,,uXAlOzTUPpF6btQRks9PV0jdfCq9klPnXqxw,2024-05-28 12:25:37,5.7.0,,,,,8C07K2XRaS9hOz,,,,G8JOgT,,L8c,83195,5rAfZPO2dZ5tnAy,,aqdz0HpCUw6yPcl,P,,,,25118,,,I8e,,,,,,,5zpJpU,,,e4LMM5GnRXZzrv8O8,,3YT14ytRL07UdtP2jitN,,,qqDuSU8mT4fTNavrehc,,,,,,Z3YHSQvo2q0r,,,,,,,,,,,,,,,,,cFDpl6XC0htG1YZbqN7H,e66CAFkql,r6vsfo,,,owaLiPlSq,,PGDWsW,,,,pRdhhoVcjN6SMhrx,,7gWGA8nt,gOVCJgjg,,,,,,pDEuRtIWBJrKwE00,,KPmy,,m4qD,,i14DR94zGV,,,,,,pzmdia8M,BGawqssta9Sg2N,whK9UaqDltPt,,,,,,,jdad0pg1C7l15bEYedg,,,qoZHkk3HGbwi5O,A8NGzD5iA1G,,,,,,,f7yjT9M6xTbBNzILSm,,,,,,6urNwScpdnjkXg2W28,94057,oneplus,so-03g,2024-05-28,2024-05-28 12:25:37,,
92994,1,154,,69117,9,7,0,,,,,6086,14,240601,240601091033,7h1tIzkjpgvEv,90.948840869896,,25831,28931,,,GYM58GFxlOtsLSjmalpViptdVWfM4LU52fwJ,2024-06-01 09:10:33,UAT:2.1.34,,unknown,,13918,,,u,,,,,78976,,,2fUjn,,,,Rs8pM7Em4WSrxXwRDY,,XzuAo0,,,,,192NZQt,,,dFN4N9KLgmxH4,VlHtzojMpkoQ7ih,,,,,,vmYWVILVKeE9kXKO4,,oLtwPhitphlsQXOm,,,,,P0VyvAXe8C8,eRtYlStkPJezYc,,,,,,,,3QgFig,,sNq8mE4DVPK,,,,,,,,Eymk77FFsD5q0,,kDdR5Cv701rB0b2WbJI,,tQxN2c,,,lX,GPiZO4,,,6kPycKs5,urRaso61h,r5cVOOX3NlQowBwIiN3b,ZcaFVhLihK,Dm0RvP,,,,,,uZvrrIfX8fFzaspsa,,,,,,K,xwxrz6T92fM3Q,,,iFe7q2sQtyGEw4B,01XBN,,,,1ypQoVPnWfTh,U9Kyo5V8uzrNhOd06N,,,ElXWUgHb,,,,,p27SCyLVTRkVsJvIWF,,,,,,jEV4zByM9QhzvgF3,,,pQ,,,,,,asus_i004d,2024-06-01,2024-06-01 09:10:33,72789,
98490,1,246,,,2,6,0,,,,,,33,240605,240605055529,kWnWmzD86mEOi,,,,64467,https://www.generasimaju.co.id/klub-generasi-maju/changepassword/NjI4OTUwMjYyODkzMyNIckljamxDZERt,,wPlHnF0GoZ9861NVQbcGKjImIYfDmTR2coDX,2024-06-05 05:55:29,7.28.3,3.2.30,,,,,,,,,,S2NC,,,,,559FNQfR5,5eEGNEEFEUQ,,,50950,,,,,,,ThNAUpq,VftxtGaGjvM,,TBkYLwTqyMgnTCF,,,,,,,,,,,,,,,,,OYZhec8CG,,,,,eAnyc2uLkuvy8c,jVgjlDuDmASlYR4m,rWKuXAkAXISJ6,SzQqpCgIMB,ie07EhkJ71r,W0w6Hsb0Xz,X8GXTY,,x,,,,,r6ztvHg7tWriYQ6Tt,zy,o9rjZVZpg427tTV,,,,,,YT0a,I0,n8g0rHpCGho08a8,,jIs,,,,,69j3FhKn6VdUCWOoj5,,,,,,,,HJ3b,xQKae0QatfDGOUJicbZi,,,,,,,,,,,y3,qSxzNp3q8,,bKMLA6e3qwyAHRbDeL,,,,,pCyn,,teDUHBvIQ7nfu,,lLL7hpXQxT,,,,,,,modio,iris80,2024-06-05,2024-06-05 05:55:29,,
72994,1,509,15736,78041,2,7,1,QYOtF2lrVuN,,,95288,35788,65,240609,240609024026,,0.718122515347619,,,,https://www.generasimaju.co.id/klub-generasi-maju/register?utm_source=facebook&utm_medium=cpl&utm_campaign=sgm-crmgum-01-2024-aon-meta-conversion-auctioncpl-prospecting&utm_term=prosplal-bop&utm_content=paid_cpl_prosplal-bop_resep-tips-mpasi_0724&campaign=dgmmpasi,,ZS1M0R04C3nr6qLCyceEcCDmxSEzieRo7vO0,2024-06-09 02:40:26,UAT:2.0.142,3.5.3,9,,,FYVw53wgNZbu2t4j,,,,a2yFLL4hM0gV1iH,,,,,,dpJW9tK,,rKQu66pTEayhgFGu,5hhf0fm3W3,8hMQW,,,,JID,,,,m2vj,,,,,,,,,,1,P6X,,,InR,Eubq3fa86u955Y,,,,,,ZkykdG5I,,3utxJMq1k,,,,,etG8mqayK8Q,,0,,,V4ddZ9vZjKjcN,,,,,fL08173,qXLYInc5,,,,GKpx0B,,,,,,,,,G8tDM9,F,,,,,4lPScQCur,Xvv7GTrFi9HfHhVpDyV,pecU,,MCAAHy,waOBiPOKCaW82QK,6NwT,,,,,,,,,VOAYpXx0QH1h317D3YkR,,,,,,,,,,,,7E,,,,A6lCWMw7fOBpLwUguxpr,,,,,nintendo,sm-a500g,2024-06-09,2024-06-09 02:40:26,,
92994,1,965,,,10,3,1,,,,,,44,240612,240612232522,,,,,,,,Byn0BwatM9GgEPRoYsPWmZUj6ECOFyzEyYBy,2024-06-12 23:25:22,1.0.38,3.3.2,9,,828,YbW5nWnAx,,XpQ2e7Poqu8g800Vn,,,iJw8TDCpr,,,,,PR6Mtrts3IUHi5UI,,,ormnrOrFfV,,,iHayZFpv5FTOX,,,,,,qizxZXc4GzKPbrrnpWL,8VGLsphZnIlrtedMQM,,,,,,,,1GawJcm6yHjMe2BPH5z,,,,,,eGdTxVmUQ,,,,,,88Y8TPQuRtd,,,,,UzmpacCpUKVYOzF6gZIA,,BiIfXBpJR,,,,,,,,,,,SSyI8k13LmOnXWY,,O4AizjAKqakOn1l8,,,,hMHCjTKSpPsIg9L26,datG1CFyhD7T1wl,,,7gYKn,sHLkqDh5YLwPBexr9lF,MozXgnF5d8PQU,,,,,,,,,Ahvjo3rSKZ,PSrQIOLRyv4nUgKOR7QB,vJys,,fkzL2nR6HIL68xxw26qY,,,,,N90kMMyU,240917140848,,,,,,,,,,,Dv,,,,,5UGBp,ajQmvlF4hnu90z8ju3,,,,qnKSXvmAK,w,,nintendo,v2120,2024-06-12,2024-06-12 23:25:22,,27j1r8SxbZTy6NmZ9LMc
72994,1,420,80386,43484,12,2,0,9QsCRESYUnW7D4uyOFh3,,,60077,,38,240616,240616201018,,85.93475866010299,,,,https://www.life.id/kyc/,,dyBphcTUw7HBTZdNTCZlzUobeZBV0aJmJKaI,2024-06-16 20:10:18,UAT:2.0.34,,6.0,,70086,dUDsrrwtQ6ZdQ,,,,WvO,,,,ssWjrA24A5HM,,86CgfM5a,,,,BAW5oFy,,oFZ,,,,,6WzM8hpFvXH7hKX,,,,,,,,,X2HyeryUAvM5ihYxmb,nHr254Vr,,3RjPFEd,,,,XOj716uINjziHvcpZm,,,,,,,,0,FNy1KvuRo5zE2Gfrdhcq,,,HFg8iLCnu59FQ5fs,,,,,,,byWJy,,7GFPcEzMWkKY,B1JB,roUyK5qCq1Z2yupr2,,vORPGsWiqcRpu86,,,,,,H6,P0cI2,,,,,6RT2BL0rCl,,,,,,,,aNBvdeoa7lAvEhc,,3oOxEppY6II1,8VqU,,,,,,j,,PM6shaKNzQmzeJ,,,,zF6GWeL,,,izQt2PAfTTCpvVd,,,,,,,dWwXiToGynM,,wh,,np3WBwhO1ML89Ijf,,cuhvPzeGaKnajg,WYjCMvJTsUzAS0X,16516,true,l-52a,2024-06-16,2024-06-16 20:10:18,85342,
72994,1,152,,65562,6,1,2,,,23622,38888,22401,51,240620,240620165514,,21.00425606280153,78.9467821355263,52680,,https://www.life.id/kyc/,,U0WIax5nuOpoKFw5m204SOJjiShlcGoYKYRg,2024-06-20 16:55:14,,3.2.15,16.7,9M0VnOLrlGYWbcRiYV,10053,,,,,,1EygHa3mA,,16165,,,B83v9d,tISHM9,FMYG,,,92223,,,,uxujfrD9Q9J,,,zL,,,,gFZRHsU8A5GHAAs3,,,,,,,,Fh,,wfLrpSpe4,,rnKsstmZuj8ih,2N7L4krOM,AlLYULzO6,GdrG5j7dFBpBARAMn,0RrTeVI,,,,xChvnxzgHigKOD,YTcy0k7C,80tSN0,u2KtNAl9upBjRs,s8,,PzpMI8Xh,,Nbe7MrBeoKvumMzyH9Vk,Wub3fthEWVl9ZIypvJc,,,,a,WmRHt4M0VkbXq0,,g3,,,40MBl8t8lJymcM,,,,MBfU2Pj6JD58KPC6,,pfgQvcELK,4vxFuXdouPQG,,,XVImgVC74rk,hpg00FsdOLrfw,PfZeAIKisLDjH9YCfo,,,,,7G,,,,,yGlm7iL3RIxHMb,,XDdhuzp98,,,,,,LMuBz0UcNErlCUNRZ,,,,2P2m3CqWz8eQlpGsYqK,Q0qR,,,,YKii4K6FBlJ3JQ,,,,,,,,qcSnhNRLD7bBBn4Ci,,QAxJ,,true,iris80,2024-06-20,2024-06-20 16:55:14,,ZtVN6NyxrSHXTn8
72994,1,677,,,5,0,2,,Wm6DnLXvGYH14KgJyT0F,94866,,,55,240624,240624134011,,,,,,,,mCpdcUKNbSz23oK6YNTlbh3MgTFNtx5Bu61J,2024-06-24 13:40:11,7.28.3,,16.7,,,,,,,,,SU,,4sTKSiAR3U,,p,,,,,,,,,,,,,fKeDpnRe,Baeruv3jrYHb4WnoyT,,vrlkDL7W62jc0,qlpwZ19pngJ,,,,EKorFSt98ZDdox4,zan,,,,,4qql,,XRUoYrohtX7bUVNNsFU4,,,,,zrrqqh,iRL,,,,,,MPg8mHcSSzfP82,,59QS4BcMLJ,WVcw,,,,,cAUyr7me0OQjOCvqz,,,,,,TYv,82fwK08f10E6Meqw5,,,,,,UnaHPlSgdIvGYGmo,,O,,,,,,B4LdL32g7h,,,,,,,GdF7Jw8Q5kW2,,oaSfu,,,,,,L,,,,,,,,dFQ,,,Q6MZa,XSAW,,nsf0rXQbutq3rWT8kgYj,,,,,,,coosea,,2024-06-24,2024-06-24 13:40:11,,
72994,1,306,,,8,2,0,,vNKUK4s,59071,,80057,60,240628,240628102507,,,,,,https://www.life.id/kyc/,,Mg4JT9v5DkZk3h8Ely4PKZaSLZWhT69geztk,2024-06-28 10:25:07,11.4.1 (0.2409050027)_38335 Vision+,,XGTMROM,QCXV6lbzRxrJ,,,,,17557,,,,69036,,,,3kAbC2ClVu0dl8XV0s7Z,,,K0PN3ZZ,,IMA,,,,,hGJcGz2,0WXif0Q,,,aQ6xbe,,,,OHGz5qmOJ1OjGta1xQ,,ARSO7frkAFsmoV,,L6Gu6Vj7sP,,,,,,,,hv3UeeMNEYQoIPcO3M,,,,nI7Tfpgt6s,iWPbU5,,,,,,,,,NuCsAVCigj,,,,,,,,,,,ex9WvaHKeVc,,,,,,,JLrbamTf0ih,k5gdm1T4aj7Ikq7u,,,UnQgFid0xA1NXq,sbqjqsLH,sjDr5QP,,,sC0vXIWNRuT25y53,,,,NUNB5lF,LLbVlGdLUDk6XFkUt9e,gm,beG5olIbaatr8JSyD6y4,,LtOw,,,,,,H0r1Go,,,,,,k0krC,,,,,,,,S7sU7ZI2QPb50n6rPIUm,,,,,true,hwv32,2024-06-28,2024-06-28 10:25:07,,
72994,1,921,,,13,6,1,MhzX0WFFgLh,,,,,47,240702,240702071003,,,67.3700490181667,15741,,,,eSniADi2B668PQCTeQulVtCCmU0f4HNMMiA9,2024-07-02 07:10:03,UAT:2.0.34,3.3.2-beta,14.1,,,C3W,,,,,,,,,,,,,,,,,,LMa,,,,oPhHtFgDd9RXGtleBQ,,,,,,,S3xxSQygwFr,,lAt,Ej04uCvZXhY,,NXLd,,,,,aijrJz9G1tMvlQU,SbJm4jWo,,3iuCE,usO7ArO3,,mxK8h6y8,,,,,,,,,,Tg,qjpRTqbBd3yrt,GOdtekM9k1wmlFta18Q,xXi,,,Q5IvZW,,XLj8ipbQHp,,,,peOJ3XwBDYcXTlAT,,hjZTNejfPN69GImRr,yofiJzwbncwaF9,,,,,,,,,,,,,,,,19HqZaK8nQq2g,hSgo8gx1MvR84w,,,,,240917140848,xW6qlqKvubsTNeb9,,kxOtubOakREDzpLBF,,,,,,,,,WZ1GGowIX427g,,,V0BBDdk7XsjEK8,,Ouiu4eJnZv06FzXUX5,,NjqAHQn,,5ouY,,,modio,sm-a500g,2024-07-02,2024-07-02 07:10:03,54942,
72994,1,221,,3034,10,6,2,,,,,,11,240706,240706035459,,29.16693307149244,,72348,,,4035,Ob3pgsHqtfRY6GcUuWjO2mvkfBboZW9VsMvv,2024-07-06 03:54:59,66.6,3.2.15,Android12.0OS,GFCWD9,,uwkCEnywh3D37,Bihar,,,gcdK9PuIIq,o1BtvtjJjFb,,,,,ZdQwB,,mq0J,ImmPAhSTUK,,,CpVrZfQ4QGq,,,4fbDNqpUS,offaM6pYiOHxhH,V,,,9AO,Ff3xeIV,,,pDD,,XBt8S,,,tq2nBJQi6kZUb1yaUI,SITw,qQgLUfo2Q,dkoX,,UwIq4OxMMwrH,I,lEVF9iR4w1,fnZso,M6LjiPJJV,,qBYb,,,,,,,,,,rBnZf2F,J4qRHWiyx,uiqBgabWcAxO4tj4ozQX,7VQceQe9CYO,21cW0gdGQ,X3D,,,,eKb5bS46EnZ2Qj6M,,,,,,,zM1tpZtCvS18ObETDb,,,KkR6rULUH1GTuWwpd,6y62XnRUrowp,,,B7n,,,,0dYT,,e3ivg4ml,9QRXYf5uAEGG,,,,mle2GPdjvMD,y3MF6A5vclw6k08,,Bq3J6T4EUR,,l4ePzsnHdgPCJ,CYtI2c7fyHBX7zsPC,XLf,qP22bJtHrIJbK9ilNgxX,,HQcSYscGXaYc,,,J9DsCUMfJedpoSv1OyUb,,l8vlkU9kfgQP7Id,,,,p85dc,,,,,,,KIeIwbesLA6n7,69602,coosea,sm-a500g,2024-07-06,2024-07-06 03:54:59,,
72994,1,390,,,6,4,2,,dRpdEyW5B,,47271,,55,240710,240710003956,,,,,81707,,13723,o0hQ1USZG1ZzPm1OC4Fj26ExxSNHDKs5Sz2V,2024-07-10 00:39:56,1.0.38,3.3.2,,,79469,,,EpVVUg3JZ1,,,fyGZuGb8qcz4Kb5c0,bwS681UDnssc8hWxD,,,,,,,,WEKoxC1dOHHghP7Aa,,6bd6U99HvYNEtc3hcTW,,,oVYu2wKvGVi,aNj,2zR5e0mQbPsis8Oa8To,,,,,,,n6JhUAg,,,,,,,1AeXvdsc6muYem,,,,,,,,,,,xfOpespwnz1HOAjp8zR6,,,HpLYC2m5tVQg,,,,htC,,G2Tywx,,,,3,,,AtWmtUSVK,,,,,,kSXOjM,,,,,,mjLMid,,WlkqVrhfkd4pCM0v,,,,,FtN2G,MZPNjkocrZ7v,,,,3VkZ,,V1UKRJQcbw,,,,,,,,,,,,,,QVRGcmeJRoo0VAFbV,hwzxqTj5mLfxgTrorZ,,,x,mSTTK0c5UsvL44jhB,,,,,kv4MKNIbOLP,,,35927,true,,2024-07-10,2024-07-10 00:39:56,624,
72994,1,674,,48776,,7,1,N4,,,,,3,240713,240713212452,lxHcedjwK,,,,,,,S8qiJT3Gyu5NJpDiT6XkhXkNqqkqIB31vKsa,2024-07-13 21:24:52,,3.2.13,6.0,,48205,,Puducherry,,49623,,MWN,H3t8QctGzw9MaTgMn,,,,,LtryOL3Pvp1f,auP7Jg,,,65884,,ScSV,BQWE,xEo7VehVf2QfZ,,,,,puQYt3q9wI,,,,,AedMiAs7E8d9TOYv3,,zdVSgxK5e6VNNZqPlR,,,oUc3RR9f,YQsHCsjC,,,,,,4TFh4,,,y2PGBKn,,cP8qkzOYYGZc,SvgcOCZo71DnkN4,,,FzBFPKg0UbMmpcY1gYzx,,6wJ,,snp7MhWJSZb9QskLNh75,,,,,,V9,,,,vh,8S5BEwKuG8YwyiY,xwm3hFjL3lV,2tJJJkPVM2cZgkvC7tdm,,,,,p5yy2qeFGW0,gFL00he,m8Pj5fZxFqP0,,GHlrN8UMHx1G8AkP3Zh,gs1RlojB0OdQtq8,,,,6JgYdjycehCvM9Gy,jqGNlV8dQ3A,,,,fRHcPOa2t,,,P,,ZW2BSVhw9E5YL,,,,,3lV0yaZy,,,yPVvPaLEEuH6tlPzgnu,,,,,,,,bnVShKxS80XdY50w0,,,,,Q,,,,nintendo,iris80,2024-07-13,2024-07-13 21:24:52,,W
92994,1,346,,,9,1,2,,O4olXCGPX5wk9JEggY,5187,,,30,240717,240717180948,,6.687452400720806,,,,,,yZB9p1EN18yLwUxJFZZ3sPDKPbTFsvEIL9sa,2024-07-17 18:09:48,UAT:2.1.34,3.4.1,,,,eT466Os,Dadra and Nagar Haveli and Daman and Diu,,,,,,,,NnAmthuBoC2kyq5BRgE,,sYAqPtvY1mq,,,hoB2rmuzAO4dz1oec,,,,,,QNxzkn09MIP4zmO,,,,,,,KG,,,COfLjom3Vz,Oj5WeVBaScTLdZRt1,,,,LUDUIIp,,YwyHMo,,,,,6V8u6,G4WI,,FPTaJ4X,,,,2AyUOnn06hKNpbW,qW4WSfVa,,jxOR,,fWu6AYJkzI6WWiEHwWGC,,wyNFCseWObXO,e,,,r9gg,,,,,,,,,,,,e,,r0Fq1wA,o,,VenYKybn9,,,,13YDSxLnL1DO,,MKXfS3LSQkOp,,CwRW,,,,dUnNpXRq33mpYARB,,,,,,GZkb6aKO,,BkKLdh2NEXxS,quckKtFiqOuRTL6l,NzLTm4O3qEpe9tHngA,VHffmzoeaHHxXR,zeYmAcD7Fgfz7Guzi2,FPEo0Ya4,,,,,QZFBHwTZ53THElqKiX,,moq4YBwsNblePI,240917140848,,c,,G,,,infinix x6811,2024-07-17,2024-07-17 18:09:48,,
72994,1,617,62624,,2,6,1,,,,,,15,240721,240721145444,,,,,,,,iVHoJOG1fTP2gbj63JaCXqlCJ60IVxrbXmar,2024-07-21 14:54:44,UAT:2.1.34,3.2.13,15.0.2,,,yTEaQodsrRtkMCoz8d,,,,,,fgqiqYkhQ,9474,,,ndibb,,,,,45906,UCLvBS3,zyFymfvoJwIyH,,,,,G8,,kIsKTrEpKOXU4gZxPi,,,,Qd,,,,,KRL7HsiAb,kYcPHxLwB,,,,R0cksBl0nQyFuUoZBM,,,vwQF8LQ15kupju,LUa,,,,,,,,,ibe6up5g53NLRPdiQw,IGhvLhv3NC6G4gZ50VD,,,,,,d6xKSl3Pp,E2,QZVq,,,,,,,,pdojPEwVPkq6v,,,,,,v0Xsp,,,oHUqhD,,,,,,,mu8,,,,,,,,,ik9G4FePqO2JubFa4a,,,,,,,kaLBUSG7K,,1BlvZGnbpXD,,e0N8KiIYlbG1,,,oruQKgnwtKMm0Hf,B9yCqbjKQ09ake,DhB3YpL6NlFc2xjiARAf,,hE7A08G8Os,l4yOOD4,Xoflf7qPkh,,,itel mobile limited,,2024-07-21,2024-07-21 14:54:44,,hGkqmEsfyyR8VOT
72994,1,618,,33442,9,5,1,,zlwPVHM0QpFe1ZU,,,71036,21,240725,240725113941,,,69.55238373096361,,69115,,,sGqtnrZXQGaohx5XgPYdUMi8y2Kzs1g09z95,2024-07-25 11:39:41,5.7.0,3.2.30,unknown,,2823,,,,,bN5xmleIu55,,,50481,,,,,,,uMkswUWYwx4k4bfmv,,Q,,,,56i3yzKG,OL2XvxNN1HG,4uglg5tL,,,,s8lVnvXA2uEJjV0m6Iik,,,,,Ahre7Z4us26bQC48Yz,,,,fH,,,,6DE8,,,fLuVCu9Z2bcJphh15XxI,,QJ48cPgPkY6CecEtpWX,,8KVSjQ9FiMF,,,7Hl64jdG,,,,,,Pbe350ZlH71ZwBI8Z,,,,,,,,PlzZqnT45zpUIDv,,SaPlkxdLwQNTIeSJ,SuPKAezqQn,yyLwbRbRwesxp,QpOM0BXNu5Wjpyd8hCm,rU,,,,n8z7QnulF,ftx2jfLLSGJZEAqw5,,rW8ALPSkynZjcExA31Bs,,sp,,lb5nBcH,8LKD6V7,,,Q5VHYd,,,OqFPpbRqnP9eQ,yIZ6m,,,Gf1SBAF0JaK,240917140848,,,CYjy6,,,,,,hBT3xTG8HbGNIAQKS,,GkZr8KIkDe4oPw2v,MrfTX8Y7,,,,,,,,kQJ,MsgcuuF6MOnG,,,xiaomi,iris80,2024-07-25,2024-07-25 11:39:41,,
82994,1,231,,,8,4,0,,,43622,,,29,240729,240729082437,,,,42407,,https://www.life.id/kyc/,,3O8dzpOw6BXxPEVYkejdKhRPu9jubSBTOvOn,2024-07-29 08:24:37,66.6,3.5.0,14.1,ucPPn0sOKHfN3P0ypwun,,Kv1ZggWPS,,,91414,3MwtOKi34,kKu43GCDAUYpB,9A1,,,,,,,4CwBVYHr,NoiGZAjiekIX8C5sh,,,,5BqPaYL1deVlaGjQJD,,,,,,,,,,b8,i7Mf4iA,,,,,GF13PUZZZEvG3,pgp3RVVi88Ro1fX,51QhDGCEzGL4FG,ZLTyDbGcsfHyU,,io9Suq92goF3P,,,,81,ioVBZ8M,,uGNH875AN1gYjW5kvy6,,,,,AsoPt,myDWP1,ttszLSBp01k2MT,,,,,,VsvQuOcMRKuDT9,,,,,oqKGsiSn1,,SEYWrY,,,Y,ezmTiwXXY,,,,lmZ3TvkYBdpqKEdn,,,,,Ipdxz,,,,,H8,,,D8XuM04lT,,,fRSOInvGE1EvhG61b,,240917140848,,jnRG,,,,edNuhrj4FMl,,,,,,,FBEFUOhV,,,,,240917140848,,,csJmV24L,,95363,coosea,asus_i004d,2024-07-29,2024-07-29 08:24:37,,QrD9Drs
82994,1,600,,,7,0,0,,,,,84768,76,240802,240802050933,,,,68780,,,12193,cE28gaTXbSl7uZDM29WtMsiDWXIkmP75ktow,2024-08-02 05:09:33,7.28.3,,9,,32176,qr2bQ3Y7CLAr3tzRg,,,,,,,,,,FNqIkF4,,,6nv9M51RGGVP4wmvCim,,,,,,WcEA3nEpl,UXFNVDVjYQLC,,,j9B1aTL5cXhShwyTfxn,,Q1wYcXZi1BT,T8xzV6Tywai8W,,,,fbpx2QUSSIWqGzB,rEvANGOqZWcPOQdfZ,,,,,,,,,,egpSH3xj86a,izV9nN7dj7VG46pz,,,,7bLKKK2jODLAFPBbw,nuYuqt50xvfZ1,,,,fpty4Tca,NeNPO0VQb,CLLgyI,,,,sYQ0,,Wb3aRgY,,,32ynIkFTt6yFNp9tC,,HHp,,,ln1Qabri,,,PNmpBtuOz6XwMOpYqs,tp,,XZUHr9fRc8gtM1Oc2oL,m4J7UVUq9blsXBM,,,,,,xzuNI6fS,,,,Gcpy6flU,jo8BhQQd,T1OUcWzy,OeLssB4gR6uM,DVkWcCi1Gvjms,afW9cHpQLCNOvsEzPQ,,m,,,,,IJ13beJ,,,,,IeVhRlIzNS0,,QSyOQCXwUPeSe0B,,,,,ynw1L6ym,,240917140848,,,gZ,,,true,,2024-08-02,2024-08-02 05:09:33,,HqmHvD1rUyUZ
72994,1,393,,79450,2,4,,,,,54250,44603,32,240806,240806015429,,,65.07643531112603,83576,79627,,,YachoqHn05g6m67AhiSGMs0T8AdeRmPx6Grz,2024-08-06 01:54:29,,3.3.2,15.0.2,,,zbItyF5OJGhP6MIqQ,Telangana,,,,,,19439,,eLWVurdawyD1GQWlwxYL,u,,,,,,Sle,,l9Kq1WDOZEZ,,,,,w4uytJKSvuwr4P5Yy,jddo,,,,,Z9TCorAaHGim9wL2dFu,,,,,,,,XPnD,,,,,CprVUfSztfML,Op0tESDehndnPRBz,,,,u6HmUzz93SMNh15WZd,,cm,,,,,tJgxKG448A,,,5F7skLkwDFa,,RX5j,,4inuZSPlgK4LquNsXz,gYz8WplC,nF1HjNRMqz,,,,,,gp,,QxT,,,,,,,,A6vRl1R,,,,,,WWOr9z1K,,,,,,,,,,,,,aa8TysYxWSDhQsA,,,,,V,otAy,,RgxmO7nN,,,dSiOcM0UwZc,,,,,H,,tinno,infinix x6811,2024-08-06,2024-08-06 01:54:29,,
72994,1,10,,,3,4,0,,,,,,65,240809,240809223926,vFol6DQyn,86.95006672998635,17.76005169254192,60753,44986,,,r5V5Ln9Nok9bK9tcBTn6jKIlZnPQvgsdzCBi,2024-08-09 22:39:26,,,,,,,,,31410,,,dFLGAOrvrVSQ3lHCerG,,,KSHksnDwOS5Xuhvox,,,,,,,,,,,siH52ctl3Kv,ouMcc2Hs8,,,,,,GXF4SpZM3CDo,,,,1LeuovJ35XvJ,,,,,,lzbEhoH,iRgSbwIM,,,,,,,,,,,,,,,,,XzeE,,Rq6m,5XztDSZ8Y,zGkh,N,,j,,,,,,,,,,,9Hl4mOWM,U6fGYVYjupR9n,Oioa,,,WS7e5CI,x,,ff,WKvN0AN6v53,IZJ2DHTN1CX3Krg,,,,,I7noUSfz,,,,,,,,,udmhOfyM3ENb8jgT0qjx,,pe7zbKn,YI8J2xI0wP,,ywCAFZ1hfgNGGHJJwi,,,lUNVOH6xGGQZyd,SAIDb2XSUAKAVECA2IY,jpEky,QeSx6,eydewhu,,kDlUo,,,GgGYSrxc3x4wN,5728,hmd global oy,,2024-08-09,2024-08-09 22:39:26,,3Nu1qYRomjy16cwF7h
72994,1,6,,20513,13,0,2,ZXSl,,,36248,,32,240813,240813192422,,,,,,,,2xPhOrQekXp7vzwxLRHtiZjAgkED4IyNBK26,2024-08-13 19:24:22,,3.2.30,XGTMROM,,79672,,,,6484,V2UT9ib,zFGJ2,,,,,,,,cMipilOxIaO,7yxqrZlrT7du,77490,,,,,,,V0d2uDX,,XJFlNyfIH3oAiI,,,,,,,,,,,kzE2e1,EVWWNpmMdrDovtn,I16ua8q,,,,,,,,,,,F0hMaXnuISxieAZILGPw,,izdhWHBe,,,,kHKMYRUFLrtePsP1V5,,Nh9J,,,0NekBgBGun8ck,Y3zu4,7r28QtVMT3wBbhSHU7IV,fUa,,,,,gY,,PTmCyAGTH,dLcS4usx1Fyd6Sh2g,7fQDqnw,,oQVA,,,,,,,,ZN0yoLdeUjAO5j7TuJ,,,,,,,,Dorwa6u2dRukcD,,,,thEi2RGDstCXQE,,,h1YjefP3Hovv,I8378g87,,,,2ZWAuKO0nKdZ,,,M18sMlCyEf2qL3XOEEv,lX6Q8Mmit,,,,,,pNRG3iex,y1O2fgEkn,,,,xiaomi,sm-a500g,2024-08-13,2024-08-13 19:24:22,20522,
72994,1,978,,,10,3,2,,,,,91501,77,240817,240817160918,Gxmv79czK,,,,19746,,82513,bu9SKhOrLsrqugUXXhrQax5aeWFZz1eUNTLa,2024-08-17 16:09:18,1.0.38,3.4.1,15.8.2,,86817,,Andhra Pradesh,,,yUUiW2u,223Z,,,,,,,4ZRrv5HMFqvo,,WODEBgW41l,,,,HLmmnsq0W61kL,,pRHjjGH,BFzbsBN57pria4GV,,,,66U8Lu5F7,,,,u,,,WykUckAKmVJ4iC,,,,,,,,,,,,,,XlSn,xprG,,,U,,,,,,,XVAHOvbwmbtds,7OYxeeT70xYPWtmD0ca,,scmreVQAvyV9MIvd,,,,sHiOM4bdEawgIeiALk0,,yzkNwjQGQyuRHtGO4,,0u,,,,,,,HwDJu7IbV4IicNz0gz,,,Yyd,,kRTgh8,,JGW86U,,YFpN,,,,,,,,240917140848,tBXzVgQPIebTDXe,,,,jxXQuF,4BM8r,gFHyBR1qPf,,0,f,6f29Xkw3,AUyldiGIW9,ZjktmZ,,8lntROGIpxHKvBxUeMQ,,,240917140848,,,,,,nintendo,hwv32,2024-08-17,2024-08-17 16:09:18,67999,
82994,1,902,,64407,10,7,2,X76YuusbIDdX,,,,,93,240821,240821125414,Us,53.195787599136224,33.22790973736248,25150,33380,,,gfG6R6XXbk8vqnentjIP51AtI2jvOFgObx7a,2024-08-21 12:54:14,,,17.6,uuKQ37W8,,,,,,,DgXtJbmyGUfGXB9TEn,,99699,,cpoMY1ffNPy4X3bNzeN,,,,MqSyC7ygAV,G3zAx,41306,,LawASmp1wRFmOo6,,,,,,j,,clV,,,PHbtC8zqWhU,,,,,,,U8tqADxsCTcT3l2h,aa7YVW,,,,,qPdRMffRZ3n3gN,,,a0OACWn2C,i2uCXCxSCLsUI,,,,8UiKu6w,FyjJ7FOx,,2tedMqlz93Cd7ft2l,,,hyDZ2Ijy,,,YgZuacHjuhJo5jh3j,,a1,,cbHayKZ2rEMmkV2eqh,4AEnhY5zyIga0MTO7RJ,,,,,,,,JWDy,,,n8K0G2EIzL5b,,,,JJ0nEz,,,,dQReyi,,,,,,khOkBSwak,,,,240917140848,rrd,,trec795rhD,,qHcgSDxPn,LeVD,,YvIh300HRVY6ihRtfd4i,,,nd,,,,,2MW9UNIjJ,,,f2NsPsntsb,TIgsX,3,,52413,hmd global oy,infinix x6811,2024-08-21,2024-08-21 12:54:14,,
72994,1,175,,,1,3,0,,,,,,55,240825,240825093911,,,11.31951328115559,,,https://www.generasimaju.co.id/klub-generasi-maju/changepassword/NjI4OTUwMjYyODkzMyNIckljamxDZERt,,0VT3yDGDIHqhF0bu7lkBPaJZDLRKvDYANVWO,2024-08-25 09:39:11,5.7.0,3.2.30,15.8.2,,72179,,,,,,,,,,AQMJYP3QQxQan6d,,,ik4h9Cy,,,,,,,,,5mlA,,,,,uA7EJybBKdGilPjDpBc,,,G,,,,WKsFoSJOtp70,,,9BqR,,,Fyqmq3I,,,,jEyQw1cB8YQv11GfAfH,NHlQomTGkhFhwaAXU,Lwq0kg7tE6L2kiAH6,7SbyCNJaIi,HCkmoqgfcJNB9itU,gVH9JD86Q4KDIyvOj63,,1sHNLhLZG,,oNM,QP1xvtQTQsxd13jzwCu,,,4je2KSmMFOt4T2Y92c,,,,Tv3SgQt0RDscCGlZy1ed,zcWlkhBPuZN9iN,,,,,,pVS9yTOcVvCicT6,,,,,,,KxEBKZsn94DKiFp4H,Ly4BPccROojE4,,,8hKjfET,,AZxM4rK2U,HrBkRoVip,5pn2UIOizZVwv,hvYw2yBQJBQ,yyJGPTI,HU9sm,,WbU6L9PMutXKafJeik,,PAwTcrJMWMF09fJ9R,,,,,,,,,,,JqJ8ybQuVqO5aua,,x9V,,,07RrdS6o79cu,A18lEn7QrUdy,,,,,,,voG211HXfD2IXNSlM1G5,0RMM79yP2,,,hwv32,2024-08-25,2024-08-25 09:39:11,93210,zcdiAlsygNBnm7lj
82994,1,602,83164,,10,5,1,,B8blxJHoLt,48080,,,85,240829,240829062407,,,99.0192353659842,55771,33508,,,ZRi4UCGKDxwHgwX94PoZx7T4W8QraEH3D0Q7,2024-08-29 06:24:07,6.14.1,3.2.30,,,,,,,,oSRCKHF8BidBa,,,87541,,,,,,,XcKUZSSH4fLFSH,,,8,,UB4vuIrFcQSrS,,,,,SIu8iNII,,sA46k5POC5Jws45eduum,,,Sj895emFa5cs8C3WG,zvHYR36q,,,,,zhUVRxCAQolZbC,,,pyTZkG59Vd,,CSRJZbOSEdZvS5itMk,,,,14D,,wOpuaGOzesVKw0rrXH,,,kO775WlMCvoU,,,,,,,z,,,,,,PRMQdTo,,,,8PXqkTZ,,,,xo1D26K7Gu8Ekqno2Pnf,,,,4,,,,,,,v8uoIxos,,,,,,,,,JJ,,240917140848,,aD7,,,2av02F,,,,,,,,,,OgYsH9I6GHHcuiIb,,,,,,,,,coosea,so-03g,2024-08-29,2024-08-29 06:24:07,,
82994,1,323,46312,,12,,0,,,,,,15,240902,240902030903,UlZExlbp,82.90440816536184,94.55501234077933,,,,56807,lyjddk4AMdeRYdhMxzLCNwxLgDQ7engLR79L,2024-09-02 03:09:03,6.14.1,3.2.12,17.6,,70937,,,,,,,,73666,,Bw8AaRvVfvWZz,,,uOpMAnE1o,BTsojI3484u4m,6uUE3AtS,,,,i0gVhFW,r5EIKi0gbysu,SpAysqvDaUX,,,Cad8Z,x4dz,,,,,vK8q1xBSvxEnmmDp,,,OBqch3lNCmP,P8Y,,,,,,,,,,,,,,,PrNKqFXE,,,,TOh7Nfq,OddO7lpEwk,,,,kk,,,SiGAF5ugG27,,yA1mt3OG,,,,hyrOzBM6zJUD,,,,,0NlY6Ddj10lb4lPIv5MZ,88s1NXpryJ,,,,,,,,,mF5C9NAHg8s8jL1eTXxB,,xvr,,,,,Ake,,,,240917140848,,,,,,gJWhf,rC,,mAliYmncDuWg,,,CQCkVtzBTN8YC20ra,,p6jpnYqZBfD,,,,240917140848,,,,,,xiaomi,asus_i004d,2024-09-02,2024-09-02 03:09:03,,
82994,1,61,,,6,6,2,y741EH,,,,,61,240905,240905235359,,3.945260806215234,,84965,,https://www.life.id/kyc/,,GDPZU0oWsIsDGn3NGDDLDmMEBBId33jVlSA1,2024-09-05 23:53:59,1.0.38,3.4.1,,,,,Gujarat,aOhRLr,,PDt6tAJ1nbB7Bf,,,,n410t6mzz3uNSbajtsXc,,stamZeVzCOzQesN,,,,,92671,,,mAxnA,,,f,,toYbNvVbZ,rL099dQ1HsnO,s9jwnYDyU,DwC,,,iDij,clQAtsL4oDq1,EyQwSeIwRA2L737Pctbw,,,,VG4,,,,Nq6mwQzYTHJdPYBgYqS,hV3XH,,,W2S4ogG3rSY2KRz7,mUsd4QM02OiS4Y,,,,8IACi,,,,,,,,,,,,,,fyAk3One8x4dfVEvaFt,,,a2ib6PXe,,rzCQ2GYjLD,,,GvY3Sp3BtpAEgvS,0hQJHODsUOybOl0Z3yUm,,,sO,,,kwlVthcY6YcPSF7,,,,,,,,,kpDxyx0clDLj4hyv,uSj,,,,,,,,,,,z9J1FgBzgtNIY0jIes3,FkGbjIotDWxs3WOAn2s,,,,,Pxq,,,yuSrZNhgthTPIC510NZl,,,,,,,ipeLTT5211uE7,,hmd global oy,so-03g,2024-09-05,2024-09-05 23:53:59,,oTJQ
82994,1,473,,33584,5,7,1,,,,,,8,240909,240909203856,,,5.747325634226441,39882,15294,,,ovYGQARZC7IkMmk5on0SvB9ng0pfvTnpFdA2,2024-09-09 20:38:56,5.7.0,,15.8.2,,,,,,,GQk9vZ,,,,,,,,,cFnEhPtKQmJ4G1zpzxr0,,,,imtTg7Ao03Xt41mrMs3,,,,,,,Mh,,,,,,,jl,erb4HY5PIrKjK9PseE,,TyQZwZqZvHDHqtJFswNe,r8uX2R5OiIILHsFZTiE,,,,,,,,,,,,,,,,,,pw0YAyhcJ,,,,,,,,p2aNSzhMvlG39vsKt49,,,,,,,rIz2kSQgFjQfSxRINd6,,,,iUOtyevKs5,HNuUJqjfgSDGQWbB4c,,,8FY6qTZmVgBkS2l,9PwGPkvqlMFGCB4,,,Cj4fl8,,,,,,j5jPHO2DgE,,,,,HA3xtt8tWluqTQn5C,,eio75Hn32C51hcE0xJ2,,,,4FQ58A2S,a,,,,,,,,,,sRd1X,4UEOQvDTZ,,,,,,52999,,v2120,2024-09-09,2024-09-09 20:38:56,50183,
82994,1,606,,,,0,0,,,,,,62,240913,240913172352,,,,,,,,iCp6y63hXkAJJLqjEjHTTW2QSGhNaF1487dC,2024-09-13 17:23:52,UAT:2.0.34,3.4.1,unknown,aWBNJwbi3,74921,,,ztPIu3FdF1,,nNGIZOeKVh,,,,h,,,,,,,32826,,,,A6F,3ERp,,RgqO7aN7tS,,1lniyAKrqZKlpK,,Xk1ZHB6oF,yQgy8w1,,7tVB0TxwgP,,,,6wY,,,,zzUyR2W,3YIbsG6d,fXGo0xJGqkpsHxbnzt7p,iGvx6fuxGvLd9wb,,,9exj,,,,QfOqNAX5rvXb8Pob,GdldwMvim5,,jr2o,,,BW6nLJUJW4xZfdQbpO,,,,B6,,7,,,,,,,b1FqBideEfXj,,,,,,,,,Ku4,,,,hyUmdAYAUxhb,,,,,KLuOo,,Q6rW5H83cYJK80xxE,,ZI,GHvWrlkb,,,240917140848,,,,,,Xz3S7z,,,N507p4vSjdbbu,,,,Lx,,,,,,,,rD,,,panasonic,l-52a,2024-09-13,2024-09-13 17:23:52,97377,
82994,1,590,,,,1,2,,NFWoJitwW3bW,53146,27014,,87,240917,240917140848,,46.29489264616983,78.79022152544721,23442,,https://www.life.id/kyc/,,SiHwE2cC37a7ZymeNCraepHQDYarstxB7unV,2024-09-17 14:08:48,UAT:2.0.96,3.2.30,9,AjJL,,BLafSfbqvNNRUvo6y,Tripura,,,YjqwlGy,,VAiZIiGgX1O5u,,,,,iO33w6YiPiSQm,i3aRaTp1E2,,,24156,,,,,vTWuewGhepUAZV0A,,,,,,MNgLryYc6Ari3,,,Xl3yRppiIvYSNv,,DuGHIRdy0il,3iAZ9ELhAaR,,Dg4jgxwRi8smsXNy0,,zAL8HiJ,,,,,,,,,,yHEH48bZJijYsMabUJ,,fIm7NJF6NhbRWe4nbK,,WyGHDC1,G4f6CUKgGpJcwpa2U,UI7hd5,TcG4,,,,,,,,,,,,,,,,1VTgZCoWGBD3,,2mQgKakSC9E1heUP,,BK,,XPq,W2LBe6AXVL5P5pId,,fk7zZNQJ5oi,1QEaLC,,vnu7VIcol1ExAkq,yKa4eGl9ewC,,,DFi0hd2eC,hcmXNuER25K4A,,,NrpXx6OXJlTTg,,,,,Z75GcxY6E3jce,,zv4TKwIzdDrT0CM,pnx1otLNlpQYm8MvIh,,,RIJS3ik8ZR,,G4GQIr1crRy,Lx1,jhj,,,ctUwQqyUyU88JQ6IMks,,,,,,tTOKCOdTRH2atQtf,,,hmd global oy,so-03g,2024-09-17,2024-09-17 14:08:48,,
