cid,utype,uid,mid,aid,srcid,ad,adat,trid,guid,c_date,c_time
82994,1,570,6,1767,,230901,230901000000,2yCpC5NZ49WYgbTlxJk3RtW1Em0HIvVMe7J,WLrIEA9ZjgedTWarueloZN4v5PBUSzrz3QE6,2023-09-01,2023-09-01 00:00:00
72994,1,431,96,322,,230904,230904204456,eemHHFd2KtEejJ76DhaVytrvb8cDvgoiyg6,YJmH9SM6Xb2g1xjMUUnQ6BMoGkk1TleDd1Iu,2023-09-04,2023-09-04 20:44:56
72994,1,182,48,136,,230908,230908172953,u6rgVDHstoJoILqhu2YVKWQurUqxcp10lbA,jboAhBSmztXff5SHz9a0hEJ4ogxur3uZCavl,2023-09-08,2023-09-08 17:29:53
74835,1,637,20,1832,,230912,230912141449,SgcFkSl0gDblIXJxyGez9dXQ39V0M7kS2au,lsZZRoYg4PWs765VpyByAwgSf3z9oPew2OFx,2023-09-12,2023-09-12 14:14:49
72994,1,388,78,1920,,230916,230916105946,FTIKQi9aDYTo6eXSQIzfIbtLi3CD9rxjjn4,ApfnzJuaca2Y1azV5ho0sv2xXYTQnpEoBIZX,2023-09-16,2023-09-16 10:59:46
92994,1,484,48,187,,230920,230920074443,lMcAHChPrpLbNY7mTQbvUnVAanRp1Wrn43S,q0DVVERGN1bchuadooll5imPkNq6hFqk59EZ,2023-09-20,2023-09-20 07:44:43
20275,1,990,78,1378,,230924,230924042939,SUmmi89JrE4MOJO15QYT45Cz8fmBYTeQSbd,2r3i8heGJ1M9J9axm9qQK3zjvW5G1RRcVwew,2023-09-24,2023-09-24 04:29:39
72994,1,890,58,1758,42285,230928,230928011436,IXCQrX6wpCN998gs56K7WzKz9j2L4SZ9WdC,MVleXd67YNVxNDpiu01XKkM3KRWsTxexxaNG,2023-09-28,2023-09-28 01:14:36
72994,1,958,3,1346,,231001,231001215932,YWu20DWr2bEvlUOxT3KG6kakzc0i8r5eSgo,q8jtWeY6CppOoEgUYRFeGmrdhvi2eTlDRPmf,2023-10-01,2023-10-01 21:59:32
58553,1,210,90,443,26106,231005,231005184429,r6SrG7ZS9xXTnta9C3XhLOKS3YORe5hcDi7,SB1Xp1PZgINbhf4rwY5Vxp25q3cdEaHvaA5v,2023-10-05,2023-10-05 18:44:29
82994,1,9,55,1683,,231009,231009152926,NelxYDXQ2HFbMUf968vaRGn9PeqSv92dcbJ,6S9FvKPZnk3eaOD046i2aIW4TZxHd4HR4DCQ,2023-10-09,2023-10-09 15:29:26
72994,1,169,61,1264,,231013,231013121422,wEdgFjDlT05P4wupVt1EMAPMgdbAyvuhfMz,wGQrAGJNYEnlNNLMqmu0muSKqLiqeMgpm51O,2023-10-13,2023-10-13 12:14:22
53633,1,359,1,1992,,231017,231017085919,u1B01WRdiUlbA4vSBcSn2NYs0q31xcOHniI,ryrejfp0znuKpPgS900zkWJkD0CcJNGQsTKX,2023-10-17,2023-10-17 08:59:19
72994,1,291,87,663,,231021,231021054415,QX60r2MMZoo2m7mhdYm16BzOT3XXNOGoAYU,cA0aljhL7NAfWi9F0lmHwMtOptEeik0R6zIu,2023-10-21,2023-10-21 05:44:15
72994,1,992,64,805,,231025,231025022912,bYA73EHXCwlbgz8laRBTcslogVrqZwZKwke,rm2WFEKPz4fN3TIqczHGDgytW7dzfagwiZ2v,2023-10-25,2023-10-25 02:29:12
92994,1,310,50,1804,,231028,231028231409,8J3vKYEPvPcQAKcykEoFbdQ1XoxZ58Ba01G,aHVc2nQd2z5nzFWtb0hyysxSvZkkcZqptPV1,2023-10-28,2023-10-28 23:14:09
82994,1,410,86,1873,,231101,231101195905,PKpWYMR2E5lUa7HmbMaLhpm2S7hixgdAGVU,vxu4Cs8L9wQrAadqFIbwW0qsU2sWLGhRg4gT,2023-11-01,2023-11-01 19:59:05
72994,1,890,24,1370,,231105,231105164402,NaAJkSl5TyFe8Y4r9zytpx5hzeYhpCTn1dj,IErQgkfYbglPvhItEGhwAwUsC2URXs1VE45m,2023-11-05,2023-11-05 16:44:02
72994,1,943,90,659,,231109,231109132858,hfbSRYMMJqPS2yfcowVIoYXjVWfYbgG8WLd,y8wq72p9wW5jmG43ebCPx8fdWvrxb5oYDVaV,2023-11-09,2023-11-09 13:28:58
99111,1,790,48,1230,,231113,231113101355,tAYsIVQwCT11erHkTy3R5HfVF0YwVrTRUQQ,Q5wk5Eli2AkLHrY2C3Aw05TvJVUy7D6UKQ38,2023-11-13,2023-11-13 10:13:55
47377,1,723,12,361,,231117,231117065852,cJ6g9qdYAPs58ru88axaguIDyrKOlkvwd6d,8RbN8BT7OChcfvxcaBpfQdNDAtdVROcf5B4D,2023-11-17,2023-11-17 06:58:52
92994,1,156,92,1135,60064,231121,231121034348,yCBz3pwhgeXN3xrVIy7kNa2B42px2AXwCcB,7oZIYWHbZTDn1bDBidR7POi9ZJRNUjiSKfa4,2023-11-21,2023-11-21 03:43:48
82994,1,857,80,1908,40342,231125,231125002845,SxnGyVEMNgVjuHppDqOTnR5tpwoBEwnIqa2,52FLv24wadSjf5ck7TNsXfgukq6oEE3Y9oQW,2023-11-25,2023-11-25 00:28:45
72994,1,391,14,162,66618,231128,231128211341,9kWf3GGhQXWzOvkUORU96cAEnMFy6g7Fv55,9QFZYIqC5p9Z69F8DAjSKb0wGZjOvSPXja2U,2023-11-28,2023-11-28 21:13:41
82994,1,629,72,1549,,231202,231202175838,MXVhSrZHz2O3YlPxESFfgon7OFJIt1L1usp,zTs2FtxMNz6ySqPC0Cadd97gnuDBRePua1hl,2023-12-02,2023-12-02 17:58:38
72994,1,126,64,409,,231206,231206144335,UcFKjXTAtcTsZrxU7o4zzHON6VWzha72S7T,5lMa9I7NInl63lLxrhFnQKgMzcejnMeVAI8f,2023-12-06,2023-12-06 14:43:35
72994,1,468,2,584,,231210,231210112831,XFGo1JHYcB3hFtUWv3T8eo3G5BGLnp4i3bU,dkT95ihyts6vtG4NSq5VQZhca2RwXEr4z8Zv,2023-12-10,2023-12-10 11:28:31
82994,1,803,68,1412,,231214,231214081328,PXagaRxkP1wyu319tbpjKpJfuxEJf15dbwY,xoCkV198zgstopXoe7ZuFP3f6ixB6Rcm37n0,2023-12-14,2023-12-14 08:13:28
72994,1,482,33,1347,,231218,231218045824,i7Y1tcHobGMfzqvH9gx7im5TEcIZzPTNwzz,5MeIhlgOSk4DACIwpBhOiTLJdJnlnXO8WeOZ,2023-12-18,2023-12-18 04:58:24
72994,1,312,47,1328,48080,231222,231222014321,qRClJ9xLou3sAZyYN6ZthrxK5qJz0LbWDrP,cL7UqbiY4Zk7OucI79ljBR0Hk6ywfS6kPZ0O,2023-12-22,2023-12-22 01:43:21
72994,1,179,65,420,,231225,231225222818,7N1QRjPdE6y0AQqz0FC5t5hgSAfn4Mv3Q6K,xCNcDyE816jAbOVGIifhmKJTdo4QAqmw01ax,2023-12-25,2023-12-25 22:28:18
72994,1,611,96,28,51467,231229,231229191314,okdYfMUaNg2kcWXo1tBLJXzFIUbl7K2slxY,TmoWw4nYAzsQz4wlSJVkEy4yGYD8jN6zd9Oz,2023-12-29,2023-12-29 19:13:14
72994,1,256,14,1219,,240102,240102155811,0sW7JcUkQsMTvUlIJfPqQ3ANisBmlWygYg8,XlthvI6CIuWcdm0M1kShshn4tH44UJeLOs5B,2024-01-02,2024-01-02 15:58:11
92994,1,215,58,240,,240106,240106124307,3f73dsDz3PwETS3HnOHLZQneQquM1SvMEJ7,WGmNf8GnTl45bc8eZbOxP7bXjo0VmI6CN6qn,2024-01-06,2024-01-06 12:43:07
72994,1,761,46,870,,240110,240110092804,m0a70JOk9qO2hG7d4gLpqa1x7fBublMMDng,42VrzvA35HVdQPasriyZszCCrj4jR7wzV6MF,2024-01-10,2024-01-10 09:28:04
72994,1,677,51,1744,,240114,240114061301,mNaHCctTIOPxmAUXIWIRqu5PrV9rs0BehF2,CfwbHl6JAqbZ32M2W5fG3mYajurESpSmSzZi,2024-01-14,2024-01-14 06:13:01
92994,1,567,94,1437,,240118,240118025757,eXg7TqXrjPCIVrB444H8ylWpwAtlUSrMl3O,2p33SpZcVtmpjrfv2hc2TXpDkWnG8FoJsHsd,2024-01-18,2024-01-18 02:57:57
72994,1,895,17,613,,240121,240121234254,N4ioh3UXP2f9MGgT43aruv52p4C5qNtMgPJ,fG0yArAg52owoBJsGGPu4EtsR85NGih4J3wF,2024-01-21,2024-01-21 23:42:54
72994,1,951,3,479,,240125,240125202751,FPY9l9mri7HFR0ZVwjNCJ75905Mn5JDChIG,dh0YJGQtCcibvCV3qEpRP1xd8dXvaHvRXvYq,2024-01-25,2024-01-25 20:27:51
72994,1,910,57,54,,240129,240129171247,JsdUVY3epG8vpH4YFb6kp3UD7rfgL1PfdCB,VbOKTKB4efEubhUA3Sn7qaZI2cKNIEzuEWHF,2024-01-29,2024-01-29 17:12:47
82994,1,648,36,1105,,240202,240202135744,RhP0OK2nJCWcbqoeFF6nkkUFpGl3HmP8oGh,BqIEY8nMlP6XLsNzpmMjqqqo21EwbXOWQfiV,2024-02-02,2024-02-02 13:57:44
72994,1,503,38,1244,,240206,240206104240,l3z90QJP7pgWYNihcwx1XXlz4ucuMFt98kn,G3m61lHvVFv7rZVXRHw9TKZ4YAeWqZDTz463,2024-02-06,2024-02-06 10:42:40
82994,1,787,99,135,,240210,240210072737,nFaPtrIuoIj16mMEOZBbIFxpnnHAar4E5Cj,b5hc6AdN0Nf0JGnhOOM7wB0GNLawiVFWjEHj,2024-02-10,2024-02-10 07:27:37
82994,1,131,93,1228,,240214,240214041234,wy2HOXkdmPedyI1eRu3V0XiCKdWa0M9agYi,AqwocMlKGQzZpleFlc5xe4k9TCPPPCGUd5Aq,2024-02-14,2024-02-14 04:12:34
72994,1,91,20,1648,53070,240218,240218005730,lPwEEpt2QbVnAM5G7Gglz9nZZo2eavXHD6c,4IrkalYK2hOMvBhJrsuXDgsHl1yyBfLNSOBC,2024-02-18,2024-02-18 00:57:30
72994,1,755,86,1509,,240221,240221214227,gIcY7A8nD0wnIf4RQpYaz8Sy57KmtxV5bQP,kymbksG3eEOyW30bEgWtWTK8drb49jyCFRD3,2024-02-21,2024-02-21 21:42:27
92994,1,136,26,1792,81206,240225,240225182723,gbr49g7BeFnzkW6M3wiIwtBzz7gJRdiHNQT,RwZ88eNLhMEjauYQChf6m1NOaWXqR8DyF26s,2024-02-25,2024-02-25 18:27:23
72994,1,882,45,1056,,240229,240229151220,UPSeCa5Ao4v4sX87B0rRZ066qLAPMrGjiSM,cMkQQgLqJOaY1HhB6oOCWrGZNzSpWzUn8AII,2024-02-29,2024-02-29 15:12:20
72994,1,134,52,438,39034,240304,240304115717,Sg3akpl9hBDhOkLsSWc66PT7oWS1nHsKkmY,gFaqLkldhLiQVKpBbk3mRwwtkVdKkd42L8Cg,2024-03-04,2024-03-04 11:57:17
40112,1,322,5,1721,,240308,240308084213,LQplLfzMEWAdKZpbBbhzPvJxHr6oaeB2TPB,yfCGmLc3vZmbWRWCt5Yq4ckIRMEKuhXgGso7,2024-03-08,2024-03-08 08:42:13
85403,1,679,25,722,,240312,240312052710,k4RO9uunpO3SYr3r2XtAynerrp9s9DYrVc6,G3afpl5vzWSZveNaWrUtIjLRFTuz3Mp7i0fG,2024-03-12,2024-03-12 05:27:10
72994,1,74,42,1353,49656,240316,240316021206,lkHgODtTX5I9UA7k1QMNiuQ4mX8ofMAdben,oYnccmjE5yIxGxbcfrKDX7mzFiuZALkWVdcn,2024-03-16,2024-03-16 02:12:06
72994,1,759,6,286,,240319,240319225703,vacfNYPMBkzzR8kQONOjJ1pN5VNlMGjM9MS,x6kuGvCOedv7G0SBdDOnQR7rURbGHoMMnxQ5,2024-03-19,2024-03-19 22:57:03
82994,1,383,67,1555,,240323,240323194200,D7gsatPAqb1w41xp8lDby5dCre9eeo782gL,b7DDHGZhoPZimU96OI5ve3SHLptJuTNT9GjX,2024-03-23,2024-03-23 19:42:00
72994,1,195,68,1740,,240327,240327162656,bzHJHLwRefPLotHrYOvXrZKppYlXS3p4Wsj,NCSsQp7puW03Lqxx6hxtz0PuGoHHpWwSdIUD,2024-03-27,2024-03-27 16:26:56
92994,1,16,82,1753,60088,240331,240331131153,grSNKYoZKqjpLIVgfkcaa9Kn8eUo7zT4E0o,uMjHhSd4V7XhR4TjRMaMjwbRhQ9F1453xH5c,2024-03-31,2024-03-31 13:11:53
92994,1,594,58,848,,240404,240404095649,WdniAKkqUho3A9h0V3HcnvJMOXigQoPoMRb,2vQJc9ooxvcQUdyelWbWBKdBPoX3ojv789a9,2024-04-04,2024-04-04 09:56:49
35950,1,811,94,26,,240408,240408064146,KqMHS1MAzngp7haSwpjyeXRdpS7OyXCwWPJ,MKhiL9PFiL7IVIhGxcHiDPhHj4ydHGEtLKge,2024-04-08,2024-04-08 06:41:46
72994,1,885,71,1612,,240412,240412032643,kej4TJPlXTGliXfEDKfDfkj1fPsF3yf0dt4,9Clyye06l27Kbiy7dEanoPcz78mWlNcLYzHR,2024-04-12,2024-04-12 03:26:43
92994,1,871,8,1740,,240416,240416001139,yK7KqBKyexlXkNeuvt1cP2fzY6Xnz1Y1Bp5,bCiJbGO0uzg94wfBNJsMOQU6EmuxDQsZjhew,2024-04-16,2024-04-16 00:11:39
72994,1,641,10,1037,,240419,240419205636,D72t5NkSljeLbOTns9FKKpXi5ZE6HiI0Swm,3hKt7na655VihYOrhpgs30YfLOCA58h9dSRp,2024-04-19,2024-04-19 20:56:36
72994,1,287,96,1860,,240423,240423174132,K2FES6H52eyFoMbthuOxBZAgGrAJddbYOR4,7qjE8VwTeJYa7GIVff7J66ff18WTFZ0AcmdL,2024-04-23,2024-04-23 17:41:32
72994,1,484,81,337,38434,240427,240427142629,Xicj045Mvbrrf6owIWhpsyU3daVQ64ya22I,48HGZY1KYKkqwPAV9JWvp1FofDUHeraOvPsl,2024-04-27,2024-04-27 14:26:29
72994,1,377,7,798,77687,240501,240501111126,8uFZsGScACbHk2IaSb9YAvLidRXzv4UiIR4,PVlaeOzgi5ZaWqJ6bEDySGlEYJRaVaSnmeD4,2024-05-01,2024-05-01 11:11:26
72994,1,201,20,781,,240505,240505075622,dE1hOjF2moY43GMLvNCzfT8PqgvoeiNakf4,OLcz9HWJrMnY2UidkuCDTpU5NlOhmVF6kn2H,2024-05-05,2024-05-05 07:56:22
82994,1,478,14,384,41336,240509,240509044119,6HgIGQ1A2pJyIuVb5GoLmEEq7sGKFfAKODN,eSG3ZtILEBGfgwd87FbADjCVHF78B39WxpjJ,2024-05-09,2024-05-09 04:41:19
72994,1,368,78,192,,240513,240513012615,jWHBAEkvja6PrJmUBfKWVh9trAPrhzXZSPr,uBpYqsUVnUDPZTDguZVWjeg3hvCciPE1PcKD,2024-05-13,2024-05-13 01:26:15
82994,1,25,82,229,75190,240516,240516221112,1ACcqUefdj2me3XJHLVA5mr57qZEIypKL8E,dWRaEEhd7HbmEXmLAJGHjrFjQEy358NdB19I,2024-05-16,2024-05-16 22:11:12
72994,1,981,5,35,,240520,240520185609,iPlkpgHGOySwj4Mw6rnGc31VnqhFSaEqMT0,IeWaD4VLN1EobGbEebw4ZO9d1VreWrMKQO9g,2024-05-20,2024-05-20 18:56:09
72994,1,652,60,1205,,240524,240524154105,q1EmF5Tuivn8Sn4G8dz6TAD6oDhiBZmRLLf,jTGlLsiEnShZ2dpspcZb7mK55LzEERlghaLD,2024-05-24,2024-05-24 15:41:05
72994,1,591,28,993,,240528,240528122602,rCDzuOctGGDp1G6PPvkfqVz7RQAvkDSiHCK,hRBLzH0QHtSYPQifKbs7bDy7E6ymAnBJqjmk,2024-05-28,2024-05-28 12:26:02
72994,1,621,48,283,,240601,240601091059,7j0DRRwmzu7FUIRjFWpaSWiAD6DtCW9EyiO,bP1F6EsULm9RpTUqWuw7ve3alrmciebFokCG,2024-06-01,2024-06-01 09:10:59
72994,1,749,77,774,,240605,240605055555,RJENgAvaBq2rog4QoMhDTjQ56qk4vPM7Mw3,gJQccq9QuDtO4Tm65Qsi5WwsNmRSX5cyARla,2024-06-05,2024-06-05 05:55:55
72994,1,455,77,1523,,240609,240609024052,OuPWG53gclmSC17IsP18Hi9z4sLVIov1bAX,ooO9P2ctM5Nk83CmdTnjEjncGhpGK1cHnhev,2024-06-09,2024-06-09 02:40:52
72994,1,112,44,1299,,240612,240612232548,U388sKGhrMwaKeAaiN75shUX4CSilj6sZ48,H7iWCwOz7QhlVg9sGBKAJq3HDnfbAQ1wSizM,2024-06-12,2024-06-12 23:25:48
82994,1,243,66,385,92074,240616,240616201045,7m0UnYVWiQTSXHpwqMc7K9iYbcHP8VPz2LU,akjWrNZVjzABgzGUcJqrfbENud1aEtKIlvor,2024-06-16,2024-06-16 20:10:45
82994,1,310,47,1867,,240620,240620165542,0oCaMxSoyS4rNLgAUhinrnyzGcWZA65AWCy,4Ri1kU3wQHmCy7dklfM7UEuGfoI1nFLox5cl,2024-06-20,2024-06-20 16:55:42
72994,1,882,47,168,,240624,240624134038,HhpdkzFAEzPK9GV8pl0XcXcZ2x3bUSQi2Fs,DLr4qZLouGN1ZMDzaR2Xahux7QDxNsXMgee5,2024-06-24,2024-06-24 13:40:38
68226,1,332,60,97,,240628,240628102535,dQ5CHG6RBLZ1Iny0KHP1kD3elxvUmwoIcI9,bQZc51l07k85AHrtTmqRa8gl2vhhEsmEWt7l,2024-06-28,2024-06-28 10:25:35
72994,1,839,19,1003,,240702,240702071031,Zz3oFjFFUzIJABUhtMFs4hxI3xoy2b8vWn2,Whjr8ajgM05ZCcAzDo87v6tDhrt0V9COBaaA,2024-07-02,2024-07-02 07:10:31
72994,1,967,83,1514,,240706,240706035528,zDaZwTZPzaN14o0luv8N5VdR1BN74r6eDC8,wl4WIPVJU4XIDHKfQNd845yPGqMBaBF6SCuT,2024-07-06,2024-07-06 03:55:28
72994,1,648,64,1989,96187,240710,240710004025,9iVkSh9qnCPZIbyUAkSVSB8BTCykC1YkDSP,2t8BV79CF2HWBHNh4sW0kW8vq9OVboLQ6oKs,2024-07-10,2024-07-10 00:40:25
72994,1,828,35,838,80906,240713,240713212521,TnR6lEhawERjeZGBHn6jijUNWJDhJn2rcz6,DkgwYPfCZW8wwchAXFXiw5L0BKoWFx5PyGSi,2024-07-13,2024-07-13 21:25:21
82994,1,353,70,559,28696,240717,240717181018,VbuVJ1LLPqV1JaYgJTdOlmGLDZSOnaHIyLC,G6j6zjSkAzT4itC91XOSBCI5SViFKMhC5yxC,2024-07-17,2024-07-17 18:10:18
82994,1,694,45,1999,49494,240721,240721145514,iT733vQTuP1bjKgzKtvKgnGeq4BaPurAh65,3w9NVJSyBAxou9e1rE6SXmIPfXMl2VgeGrOk,2024-07-21,2024-07-21 14:55:14
46845,1,363,72,1749,,240725,240725114011,OdUcJ9KS9OQqyAoWEzH3vHuSmCkiO5GjjY9,TPNae6Z5CgAemzoZyrBArR7ZzUG2BrWbykip,2024-07-25,2024-07-25 11:40:11
82994,1,580,38,371,,240729,240729082508,UgwhofMcfwRIqF9clYaqs06zG7dsKuQIa3w,AnAZmPv8TlH6UJAjL8wc2tgtND6PtyiWfiom,2024-07-29,2024-07-29 08:25:08
92994,1,631,83,1803,8829,240802,240802051004,Cn1emK8Zl8Z8LDrSe0qROWbfYk3l5TLYGUw,MKDsDRCONdYbHw9Jxs2BigkDvjBRyi7GAxjJ,2024-08-02,2024-08-02 05:10:04
14698,1,459,69,1413,,240806,240806015501,yvis1DhiiiRx3s0ul1otoy9Yn8urEyeIScU,wN9iLSDzwQAusMv8Swh7FwHF9Z47OAkYzrGK,2024-08-06,2024-08-06 01:55:01
82994,1,584,89,1358,,240809,240809223957,QKIRnxHf7DJZ1cgnP6EFdO32yTsymiIMrJe,Wl9apMb3HpljBT57cuY8BMKwaWrpnZDp38t5,2024-08-09,2024-08-09 22:39:57
50932,1,623,93,1054,97769,240813,240813192454,bl9VQxbVa5XmKwnpLBUjyyKJbhSEZVk4QZy,ORLqKXOb4OmU0ESQckG64rhLeFiamCov3eZ2,2024-08-13,2024-08-13 19:24:54
82804,1,246,14,1669,,240817,240817160951,42j8fxfyLJc8t9PSybyHjpSybXRFuIj8d3d,QtpmnqbuP24zqKwdXPI9hNYgJXpI1BXDgb8Z,2024-08-17,2024-08-17 16:09:51
53263,1,922,47,1617,,240821,240821125447,l9tXOKyl9bDR9yUN0lu3KGCEeGAAZQBk372,psg822XHnWndrntHlVGCZjn3qQWSPaKQUfhu,2024-08-21,2024-08-21 12:54:47
82994,1,898,20,440,15416,240825,240825093944,tlouxy4sW1wQd3zf5L3VIbTfoeqrRyvCMbZ,qv0BHfP3Qp4bu7nsmp08LF8sbzfJStDIZySw,2024-08-25,2024-08-25 09:39:44
83420,1,138,87,1879,,240829,240829062440,covouEEo1RDLNAXWIfZBa66MNPsBz7YrRDu,A2QqMgfCLLZmQjA6zdth2dLA8Zaw4DJBj64w,2024-08-29,2024-08-29 06:24:40
72328,1,937,78,1143,,240902,240902030937,9W3y3DFNwoCWD6yqwgIRzS3XGZ0uo7LuNNd,EkayA8npg697ttiPdCF5SQmp9JJflqug7Ss4,2024-09-02,2024-09-02 03:09:37
82994,1,682,63,1276,,240905,240905235434,1PfUMZxKBj8Raifs1HBb7sb2UxG0IYx2fap,YAaAoQT4LCNUk2tggTwho8wVKECW8QJNzP1n,2024-09-05,2024-09-05 23:54:34
84801,1,538,20,1424,,240909,240909203930,cBAQpjrmJ7xmTSXPNSVaIfOy33MHdhCcyUd,RoIRaEOCeZAOWLnMX7GZnrUnjooEQLAExLzA,2024-09-09,2024-09-09 20:39:30
29486,1,974,55,803,,240913,240913172427,zr3NIgVHbypaoksss7O4bfUPgHNrlwL1F6p,0UG9vzfxIGht7uE4gTEvqNjBYniFbdTKftWV,2024-09-13,2024-09-13 17:24:27
55622,1,632,41,1680,52296,240917,240917140923,JTQZxFULAUzqHr31NhSQiB4rnJFMpMtavt4,cs4nZ6h71SFVJ9F5WGTqfNpHRQSy3LVsbWsH,2024-09-17,2024-09-17 14:09:23
