cid,utype,uid,em,fk,mo,ad,adat,pc,blacklisted,att1,att2,att3,att6,att7,att9,att12,att14,att15,att16,att28,att29,att38,att39,domid,disabled,att42,att43,att44,att45,att49,att50,att62,att63,att65,att66,att67,att68,att19,ws,wadat,mbl,eadat,madat,att79,att81,att84,att85,att93,att94,att95,att96,att97,att98,att99,att100,att101,att102,att103,att104,att105,att106,att107,att108,att110,att111,att112,att113,att114,att115,att116,att117,att118,att119,att120,att121,att122,att20,att124,att125,att127,att128,att130,att131,att149,att150,att151,att152,att154,att155,att157,att158,att178,att179,att180,att181,att208,att209,att210,att211,att212,att213,att214,att215,att227,att301,att380,att381,att391,att439,att453,att469,att472,att504,att582,att584,att583,att595,att594,att623,att628,att631,att632,att633,att634,att635,att636,att637,att638,att643,att644,att645,att665,att666,att667,att668,att669,att670,att671,att672,att673,att674,att675,att676,att677,att678,att679,att680,att681,att684,att686,att687,att689,att803,att831,att906,att932,att933,att938,att975,att992,att1103,att1104,att1124,att1125,att1126,att1129,att1130,att1148,att1168,att1169,att1198,att1199,att1201,att1202,att1215,att1229,att1230,att1248,att1249,att1276,att1355,att1385,att1386,att1387,att1388,att1389,att1549,att1550,att1576,att1577,att1578,att1581,att1626,att1627,att1628,att1629,att1630,att1631,att1632,att1633,att1634,att1635,att1636,att1637,att1729,att1728,att1730,att1731,att1928,att1975,att2185,att2183,att2184
72994,1,1,jignasha.s@gmail.com,gaikwadsunita655@gmail.com ,919078420997,230901,230901000000,3,,,w2JWKrybT5GZVnq3,,1,7x3r4Zo,,,,,,u9ffLN,i72pT,,MFv9thF,41174,,,0uYRwAagH4kXeNXPry5,,,,xJplEhh501cJwIXb7ck,,4,,,,P6U2LdV4C1xyv,,62653,,,,,,,,idFsHGM25lprB8rpPL,,Ng4WVSTytW1,iePwN3VyJ6l,,,,8GfcDbP1ovyhb,,q3N,,z8IoBYyFrgr8c0rB,5HyB,,,SyWUMitaf,,,YnTnq3zxyFjS16ovg,,,,L4faoN1na97x9JOrcOx,,,aodw9THK,,,,,,,,EJ1wSoR,,,,,240917140157,3naKSHvTriLGYGEs,,,,240917140157,BS3pMTZ4wU8S,5932,QuQr9SfgaY,,DYI78o,,,,,,Kb4ViMM6N,,,33100,91022,,8VmAsqOPIL,,,9q7mHCXfeIPI,,,,J,240917140157,,,,,,,,,,,,,87844,10221,48165,,,,,301gamizrHfVwJCV1y4D,,,,fLochil5X,,0eDcWMKh,,,,,,,06czLk0HhLU4x,54518,,94222,,WISBqTjvpgp4f,,,,,,,,,,,,AVw6Gzuv,,44700,,,,,240917140157,,,240917140157,240917140157,,,,6520,,9UDfTl9,,,,EofF,M7VGHad,,,,,,,,77932,56139,S27QZaqdqnYrPojY2T,ctNuqmXOoLnzwKPcT9,,,VG8vmdaM5zpHssb7Cfnt,7sGsLTimo2Vdp,,Fhi,,,,,Ae6k,,,,
72994,1,2,nishantmalkani@gmail.com,priyanka81.tyagi@gmail.com,919831040909,231013,231013121333,1,,jNvyBmZGG1RnGiOOFp,W2vY,,g,sek,91760,45925,,,240917140157,,,,QFYCPZ,,47820,,,GI,ZPxxpf1aM,,,,,,6IG0s,,,24954,38315,80955,,,,,UrrpADO1EQ7sHUSS0,XxQEh,z3FHd5stlx,,1fB3I7PwMmFgCv,,9ojMi,KTrlU6wkwnDWboN26jBd,,,p5y6,,,,aq,4IS1thZIaeBH3,D0Jq6kd2B2H,,,INJFvGg40F,ZjLAzSPPl0,,LdcP6,,,,aRdAEP0is1HsysP,aXGvOSSoZpccR9m,,,,lW,,5kOFMm05hJBmF,,G8E9RIb,,lnmc8YTO5EXaiCKY9,,,,B2Vwg7pzD8FbkeJXV,,,,240917140157,U8,,,xX9B90l79q,,,Bpu,,nTsR,,,,,,58634,SfODdzdjICfJwY8NdKo,woJH7,,,Fl,,ij8oI5nZJiDk,,,,wVXY4uhxf9z5e,5,,,,,10490,,76992,12451,95302,,6702,72311,,,viehH6qHRYft5y8V0,lygeOhrly9hNrNCzOSCo,734LkjhXuFt9eoMQ,Q4gk4B,AuBAiRnUR7,,,EcIz,,,,,,,KjdwXQY3BJEue,,4KIsDFut,,,71328,,,,,,oH,,4GiuoHUP0U6gd,,,,240917140157,,,38262,,fTFPYxtAzLiQYni6C,,1vB0GC,,,upJkSrd1umgOAJHA,,,240917140157,57968,3ZwqXrzjpl0i,,51973,240917140157,,,,,,,,240917140157,,c1E,VbfCKBLyLTDH5HLwc,xEc,,,,,X23QtfPSC,,,,qcd8TyHd3YrY2xX,,eHtEk,71.95642377722248,14039,89.07558108112504,,,,6hE7eVD3FeTlxUM39je,,
72994,1,3,anshul.arora018@gmail.com,anjalitiwari53187@gmail.com,,231125,231125002706,0,81269,,,fyFswGf,,,,32580,240917140157,,,,JmuPbgN6sq18hI8y,,jUtn2DNPCC,,,,tZB3zHcbCNmKk,,ehL6F655w34LjPVN,,,,aR1,,,,12w,,,,,45999,30894,,,uUZiAHwDCG,8,,,xjyg7HqUs5,,T2jLy3C,,,,9uB3Wh2,48ub,,ihEd7ndapItOYdQPK,lqVehco11Iq7,,,,,nBrRMel,,,,edtq3G6roLb91VI,Q8gANyUCm9yiLnEFqA,,,,,,,,2OOQ5Fwx0oETvKu,9WHSXyU,,,,MQ9Xh6aW,,,GI0lHjOc6PYVJW4kHrip,GSp4zNaLhh,9c,PhQKHwH9k5HV,,tRxQcy2Bstu5rnnpnC2i,16592,,,,,bfk5xwga40Q,QuqD,,M066GJN,,,,,,,,1u6cB8NcR,,,,,DicwF,EdBuEoXy3J0Y7Tlg,,FF54NKsRwbxCGPQV7jN,l3jS,TQCSD6lmj,E2ZN5IUJu7SocR1Nzq72,,,3755,,,,,,70410,,,,1xipNtAnUeKX,,,lHZ5bRvERrKmcV,,,,,h7s4NWBT39FEPbkmAtIq,hOPfbY,20402,,,,,,,,,,,WShZWsvus5rxtj0dd5,Z,,,,,,RG,,,,240917140157,,,,hgn7BuLnfjutnW,,00owbWnxTIROKl1gupsn,vMs9i5Y,,gfTRtwm,,,,97402,qoDziQvCUs2yMVQvU,5A1lsKRk2yTj8iygD,83065,,,,,,,,,,,,,,83731,,,,,,9daE6XOFt7lcnOA4pQi,,,h7zMnABUgmA,karTQ45qyprBdlIi7Bv,3.030027152121828,90074,,,,,yfIROWY4ZIrlKC0l2,,
72994,1,4,kumaerudra@gmail.com,priyanka81.tyagi@gmail.com,919599670748,240106,240106124039,1,78949,,ROpC49,,,X3sEzAXcZ5yz0OhsB,76186,,,240917140157,,,,,XKmWGBjEuHBrWKBwmqaa,,,szKFlIGt27V8M4AQAO,,Ip9ZpOUB4,,,xOGuknpPuHh,,,,,,,,,,,,,H,,,,,,,wpK41u,,,,,,,,,,gaH02,,,Qf7eEXDFtaa,,,J4LrsdKtIwYLb4zO3K18,,,,qgZddvMv3ndY7XhPa7w,,CpAhnCV,,,MwoLPF3so,,LDJcXtcFnBio4,,,VkzLfDm3I,,p6uTSyP5GDHOkwPf,J,,,HeoK5Fu8S,,mwDtZ37leD,,,,,,,tgm4hgnalM9,1Spr3zeS,,,,SuBXaLShLgR7kI,,VJqLs,,56249,gbC262J6r9aO,UH,,PPK9hnMGmcKdw,,,T4xR3sMpsRHyU,uWzkCz27cu4qU4gcWe,,,,,,,,7028,,14292,22556,,,46593,,,2691,,,,LjCvMZG77CWSETy07Iv7,,,,hH44Fjv4UpM0,,,,78117,,,,DWoNwIFXRMe68TDFxTPX,QW6aY1rvqWpXfrY1fU,,,,,,mM5RG15HZ3gkfe,jtUU,,,,,VnmV6PvIdM1fz44F,,,,,240917140157,pb2,70843,,,,,,,,,240917140157,,,jpT3BxjCxXIPpYs,,,240917140157,,,,,,,,240917140157,e6IkkmoAwJ5wRh8vq,,OFwRrzyD,,,,,,,,3,qUBBbnJkv4fKTX20,zpcr2jjruq,,tBA8eW0K3diK4Zw,,,,,4n3AASh6kK,PQNKuokvSY27Tg,,,
72994,1,5,nishantmalkani@gmail.com,kumaerudra@gmail.com,919599670748,240218,240218005412,3,41879,Qx,,,,,,51323,,,,68futVNVlE5I5Z7lB,,,,,52258,,IpmRdBWVINf4V,,eDUfuMTPI1y2,,,,,V7rd1rZX,,,,,,,20105,,86562,GuQk282iw8WYFjFM3,N6a0VPZwMSm9OGbraCn,,qkYTV,3clU3gcBpT4fhLW,kr7Z,,,,,,,uA9Uouy4caqU75,,Tss,,,,,5mPvtH7XosK0dsy,,,,,uAV,dWsQ2ChQYPv5UPNvf,3,Gh0DCjTCyrpzJRzr0lWp,,vSXVhmrouqZuQi6j,,,,,,BFLys8oJRI,,,DVL3MMb2cc,,,,,kRUrDCNP,,,,,,,,4QeEnfgVELV2olHaeoon,,,,MbAnXkmUrofrs1,WQOlO,,,x9WPrnDrpn,77952,,,,,,,,IO8IA9,,ZnMI0Lkg3tG,,,gsVamnN9wezZb,,,,,,,,68604,50934,51324,,58505,71703,96356,C8fjo,a0ClnHwKE8bSgFgU1,,,Jm,,,,,,,,,aMGYZ93,,V33qN7,,,,,P6,,,,,,NRpIIcvF9uuMDcEh,,,,,,,1,,,,51377,cshwNQ0iKMlN6cqdUPty,lYDvqQyIE44P7gA,,,,,,,,,,240917140157,9LC4eA2IWX5bwIIK,,,,ovQt6rU,w3grRQfRS2,c3ACmayWRaPL,,,fjB0q3V3E,,5Q,12150,,29401,,prIfa6y2vMZ,,,,,,NO6rE2HzrTWMIsZDkLL,,,,240917140157,,VtMxJn6,,EHySQ4,PMPZrIfkvkNlnjX
72994,1,6,sanpalgrewal88@icloud.com,gaikwadsunita655@gmail.com ,919831040909,240331,240331130745,0,,,,po4YIy,,,88275,,,,,,,,,,5390,aYDL84q775dwBSnF,OlzGJBD,,6981eoxTW9wIezs,,,U5MzK,,Nx6PHvrHS9IgHPpyDsa,,,,65992,,,,85919,,,,,,,,,,,,,Zg5BYFQ7N4E3Imr,,,lflYw3iQEAXeMdDMHIIc,,mP6tXnCZhFeWyTXQ4,,,,,nE61LltOZ,,bZyBjsk,,,,,,,JLVfMk4L,,UKct9uHT,,,,Cjthws,JQuNvvr,,qIXQYIj04mzm9akc0K,AB77M6MM6jMGvRs,,L,,Ozh8,5HlTy5PdiKtvLkY6m,240917140157,,97779,,,qteBQTmaOZ,,,,,,,,ioEO,36364,,iEZ9uVEUZm2beD,8X,,,MnXqakPFWQMomcv957bV,,iFuv,xu,,,,,xoTcnihsvs,AtZKqokynMV9fqI,41283,,,,,,,75187,,,12486,,VtCrKbO2qrX10,,V26,,,,w6F6Z5,,,OkdTZ5yCYNaF00yCrO,31988,,7Q94Qy8ZQTVK9D,,,WuEWOiqz2nm5VaxB,k,,,93483,,bSC3Fm3pbiqu0G3Gf,,,Ld0Vty2FZLL,,dc0GBXoZA,,,,,240917140157,,,,,,,,,,,,,240917140157,,,,68823,240917140157,1RMot3Sgc5BbHMHbbJB,,,,,,,,,,,,81902,,,6G,nhIDIU4YMBJlsj1bkJ6e,,,yXiwu,XAyxqrnYCaixebWYT,Rfd1RdFaLzFNB0sW,,,,,,,,vHmv,,
72994,1,7,vamshikomma@gmail.com,vamshikomma@gmail.com,918002779192,240513,240513012118,,,8UYr,,,nKCRwYVNIcFj4m8zDKZl,Cd2r,73796,61716,,240917140157,,We6PTlS2q03h7,,,,55529,,,,,,,,ZPX8V6HX0BjGl,,,,,8gPWT,,80072,37837,,,,,V,,,DQBNyuYOBLIrS,,,,,,,JMk,,,,,,,,,,M,,,aAlTWw8lr8v,,,,l8KgVknuE60k4bjzg,,,,,,ItqARHDWyp54BKLuj0,,BoD1NkfJ63d,,,,UbbVwu2az4q,,,,,,,,,,,,7DBwlX8WKJdhM2eRhZ,,,,,r,,,,,,ND,,9pdXgy,,,,jqkf,,,,,,,,,,,,,,,,,77168,,,CVmSSvwQ9AyrS5Oj,UXl6M7S30tmBLA,,,,g8pf86Yge,ChmwvgckSQDHq4,Fa,nqBILa7raXqcn9VZM,,,,,kKYyw,,,,,51506,,,,28569,,,,,jxAldSaUFhIkTE,fWu4SLIlwxqA,,240917140157,,CaH1LsdNZzqsck,80403,,,,,,,HxTgbW2pS4,,,,94737,,,,,,vCI3APKmw8h,vOmEQXCd5X,,,Qn62R,9nYHLP7lE9kyi2S7BeFK,,,,,mVGWVi5J6Bt2HrxKxO,,,,,,,,7kVrCuQhiD1p,v5rqHcXlEZrIFRTS,,,,98376,,,,,,,
72994,1,8,nishantmalkani@gmail.com,kumaerudra@gmail.com,919078420997,240624,240624133451,3,86997,vXNjWV9MPqKGY,,,,FMpsKzuEPLX,,,,,,pH2dYl7DXS7pqSjG,,,,,,,,OxTwy6JdIrMpfHI0GEXm,,,,,08O,xUaQNEdr04v0,,,,,,,,,86327,F5V,QHpRatjnCy63nMavicEk,,qu,duuZKa5SNmCn,,8,,fTHTKwnzKQEjY,,,,6CXTnlBeba,,,,,,,,,,,,dTXP9A0II,,,,,,VxuzjuvB3dzm5kb2D,mR3a,,,,,,,5PmzmiYK,ZV,,,yhHOJfPRyGQ0Btm,,cC6oe9n,,,9bF02,,Ns9eSgzMRiBi8TLgR,,,,B8Wd,,,,,,,,92956,,,TofTU3OBBezP,,IJ4q42NWKUJHVT,,,Mu0BlN1Mdj,,,,,,epdrZc7u5osuqT,,79580,,,80132,,,43485,,,,,,,,r3Qvm1F,H4ksuIzjH1ViS4Z,,wK6C9WdQ5eCBETM4jo,,,,,25407,,jVdk439qr1Phu09PSX7,7OSlv,,KQLMTAyWS38K,97790,,34480,mOBy19xiZtg1GWziaW,,,,kmXWtiHwD,zIl200IHR,mGoe2iw7Nx,,,suD4sa0PsW7dA8Bt,CxrpcCI9lM,240917140157,240917140157,,,,7XRcW8skhTRwOB6kIN,,HtSmRS6camD5OV,,,c,,,240917140157,,w0RAQlGQjZ319rK,,68269,,,,n2Gm,,,,,240917140157,,,,,39250,,,,,,1,J7,,,,,,,,ro,ryEp,,,
72994,1,9,priyanka81.tyagi@gmail.com,anshul.arora018@gmail.com,919422086183,240806,240806014824,,,,,,,,45985,67402,,,,Ud8G,,,,6309,,,,,dKDxVYX3CS60ml,,AyGwRmTsl5,7Ttc06U2V3UNoMRs,,,,cgPzE10rlD,,70759,,,,,2688,9,,,J6LUGeHM56XQ2ngg,U3kUOksw,,cHkvQ2CDn,,,GfvyO1io1MQfhIgAvuT,,,,,,,198jp5yf,XG,,,oG237MwTin8lQHn,,,,5SfKbfRNP9,XGPUqr,,,,,,Zdvknqc,ifXRtc5X2RRrSNhRZ,24948,,,,,,,,,Mwjz,,E3IOvvNrrI1d,,,9va,,,,,,,,,annD8PuguIViRNVoS5S,,,,22754,,,,,sTn,,7JGVvS,,,,,OCPsIizWlY5OOxMi,,0hy0JbDz00VCY,,,,90102,,,,87441,,,,,96699,,,,,,cUbUswfaFniy9eNLwZ,,,FuKIKkM3Y6LoD,,,,,4p,,,,,,,,,,,LLQ5hMEmhLEY,KXM7OFZHtVYQip,,f99qaeRiUs,q5OaTSCTT44viS4OVv,,,,,,,,,,,F8WZa7Niw3dy2Egh,,,,,,,yupZ2V805tiJUNL,uK,,240917140157,,,,,,,,,,ZOR9E9c,,,,,,,,,,tT15FIr0zIw6,z,,,,,,,,,,Q3yobt80iBN,
72994,1,10,priyanka81.tyagi@gmail.com,jignasha.s@gmail.com,919831040909,240917,240917140157,2,,,,,7oOdGAkMdeL,GpF9Yql,,,,,,isoMNKyLw1,,,,,,,,UCvMhjA5Kxj9ukqa4jH3,,,qV7iYTz8GNa0IOCaQW7P,f,,,,AV0l4zkh7k93ZE9oXJ,,,,,33049,77428,,2vJtWQFO4qAi8DdNyQ,NZqtuWYo,,,,,,,,ulF2ul03xe0h,,,pFB3GMxGaakUy54QMY,,,,,,gQRXQwF1ipEfd,,eVEZ,,,bXjCs,,,,,,,,WrK6rduSb0djx8Lh7C,3EnpOeSfUfs18qD,,zFO,,,,,,FEZZVAde8AbXf,,,,,,,,,,,,,,,,,ZtITM,,W0wKkq9UoY,,,,ymyyh9TIy,,,,ig0X3I6rM,,,,,1,,,,92459,,,,,,44005,,60773,80796,,,,,,ATIl,,BrHxLR,,,,,,,,,xDiP4u,,z8tpSZdwALs6Fg,,,,,,Q5U,,,,uHQnmamyr7mLvB,,,,,,,V,,29609,,,,,,jEABekeNk7enO2nv,C2Ch37aKjfYdvYOa5at,240917140157,,,ORxRiz,,,,yKmvPkys4JP6fMVS6swI,,,,kdwC1FG1AcBz,uj0hq4zGNZ0UTSUd,,240917140157,,,,tMp5Zmo8avnHSruFTuhQ,18346,,56404,0XIdFjLtx5LX,,,,,7D0,J4wwpzThr,jH,15.628514165904118,,,,R25DK8QO66E,,,rcsvdjCq3v,
